<?xml version="1.0" encoding="utf-8"?>
<odoo noupdate="1">

    <record id="payment_method_pesapal" model="account.payment.method">
        <field name="name">Pesapal</field>
        <field name="code">pesapal</field>
        <field name="payment_type">inbound</field>
    </record>

    <record id="payment_method_pesapal_method" model="payment.method">
        <field name="name">Pesapal</field>
        <field name="code">pesapal</field>
        <field name="sequence">10</field>
        <field name="active">False</field>
        <field name="image" type="base64" file="payment_pesapal/static/img/images.png"/>
        <field name="support_tokenization">True</field>
        <field name="support_express_checkout">False</field>
        <field name="support_refund"/>
    </record>

    <record id="payment_acquirer_pesapal" model="payment.provider">
        <field name="name">Pesapal</field>
        <field name="image_128" type="base64" file="payment_pesapal/static/img/images.png"/>
        <field name="code">pesapal</field>
        <field name="redirect_form_view_id" ref="payment_pesapal.pesapal_redirect_form"/>
        <field name="support_tokenization">False</field>
        <field name="support_tokenization">False</field>
        <field name="payment_method_ids"
               eval="[Command.set([
                         ref('payment_pesapal.payment_method_pesapal_method'),
                     ])]"
        />
    </record>

</odoo>
