<?xml version="1.0" encoding="utf-8"?>
<odoo>
    <data noupdate="0">
        <record id="group_stock_picker" model="res.groups">
            <field name="name">Picker</field>
<!--            <field name="category_id" ref="base.module_category_inventory_inventory"/>-->
<!--            <field name="implied_ids" eval="[(4, ref('base.group_user'))]"/>-->
        </record>

        <record id="group_stock_supervisor" model="res.groups">
            <field name="name">Supervisor</field>
        </record>
    </data>
</odoo>
