<odoo>
    <record id="PAYE" model="hr.salary.rule.category">
        <field name="name">PAYE</field>
        <field name="code">PAYE</field>
    </record>

    <record id="structure_type_kenya" model="hr.payroll.structure.type">
        <field name="name">Kenya</field>
    </record>

    <record id="kenya_paye_salary_structure" model="hr.payroll.structure">
        <field name="name">Kenya Salary</field>
        <field name="type_id" ref="bi_kenya_salary_tax.structure_type_kenya"/>
    </record>


    <!-- Salary Tax -->
    <record id="hr_salary_tax_rule" model="hr.salary.rule">
        <field name="name">SALARY TAX</field>
        <field name="sequence" eval="10"/>
        <field name="code">ST100</field>
        <field name="category_id" ref="bi_kenya_salary_tax.PAYE"/>
        <field name="condition_select">none</field>
        <field name="amount_select">code</field>
        <field name="appears_on_payslip" eval='False'></field>
        <field name="amount_python_compute"><![CDATA[result = -inputs.get('ST100', {'amount': 0})['amount']]]></field>
        <field name="struct_id" ref="bi_kenya_salary_tax.kenya_paye_salary_structure"/>
    </record>
    <record id="tax_s_rl" model="hr.payslip.input.type">
        <field name="name">ST100</field>
        <field name="code">ST100</field>
    </record>

    <!-- NSSF -->
    <record id="hr_nssf_rule" model="hr.salary.rule">
        <field name="name">NSSF</field>
        <field name="sequence" eval="10"/>
        <field name="code">NSSF</field>
        <field name="category_id" ref="hr_payroll.DED"/>
        <field name="condition_select">none</field>
        <field name="amount_select">code</field>
        <field name="appears_on_payslip" eval='True'></field>
        <field name="amount_python_compute"><![CDATA[result = -inputs.get('NSSF', {'amount': 0})['amount']]]></field>
        <field name="struct_id" ref="bi_kenya_salary_tax.kenya_paye_salary_structure"/>
    </record>
    <record id="nssf_s_rl" model="hr.payslip.input.type">
        <field name="name">NSSF</field>
        <field name="code">NSSF</field>
    </record>

    <!-- PAYE -->
    <record id="hr_paye_rule" model="hr.salary.rule">
        <field name="name">PAYE</field>
        <field name="sequence" eval="10"/>
        <field name="code">PAYE</field>
        <field name="category_id" ref="hr_payroll.DED"/>
        <field name="condition_select">none</field>
        <field name="amount_select">code</field>
        <field name="appears_on_payslip" eval='True'></field>
        <field name="amount_python_compute">
input_line = payslip.input_line_ids.filtered(
    lambda x: x.input_type_id.code in ['PR100', 'AR100', 'IR100']
)
income_tax = payslip.input_line_ids.filtered(
    lambda x: x.input_type_id.code in ['ST100'])
sum_input_lines = income_tax.amount - sum(line.amount for line in input_line)
result = -sum_input_lines
        </field>
        <field name="struct_id" ref="bi_kenya_salary_tax.kenya_paye_salary_structure"/>
    </record>
    <record id="paye_s_rl" model="hr.payslip.input.type">
        <field name="name">PAYE</field>
        <field name="code">PAYE</field>
    </record>

    <!-- SHIF -->
    <record id="hr_shif_rule" model="hr.salary.rule">
        <field name="name">SHIF</field>
        <field name="sequence" eval="10"/>
        <field name="code">SHIF</field>
        <field name="category_id" ref="hr_payroll.DED"/>
        <field name="condition_select">none</field>
        <field name="amount_select">code</field>
        <field name="appears_on_payslip" eval='True'></field>
        <field name="amount_python_compute"><![CDATA[result = -inputs.get('SHIF', {'amount': 0})['amount']]]></field>
        <field name="struct_id" ref="bi_kenya_salary_tax.kenya_paye_salary_structure"/>
    </record>
    <record id="shif_s_rl" model="hr.payslip.input.type">
        <field name="name">SHIF</field>
        <field name="code">SHIF</field>
    </record>

    <!-- HOUSING LEVY -->
    <record id="hr_levy_rule" model="hr.salary.rule">
        <field name="name">HOUSING LEVY</field>
        <field name="sequence" eval="10"/>
        <field name="code">LEVY</field>
        <field name="category_id" ref="hr_payroll.DED"/>
        <field name="condition_select">none</field>
        <field name="amount_select">code</field>
        <field name="appears_on_payslip" eval='True'></field>
        <field name="amount_python_compute"><![CDATA[result = -inputs.get('LEVY', {'amount': 0})['amount']]]></field>
        <field name="struct_id" ref="bi_kenya_salary_tax.kenya_paye_salary_structure"/>
    </record>
    <record id="levy_s_rl" model="hr.payslip.input.type">
        <field name="name">LEVY</field>
        <field name="code">LEVY</field>
    </record>

    <!-- INSURANCE RELIEF -->
    <record id="hr_ir_rule" model="hr.salary.rule">
        <field name="name">INSURANCE RELIEF</field>
        <field name="sequence" eval="10"/>
        <field name="code">IR100</field>
        <field name="category_id" ref="bi_kenya_salary_tax.PAYE"/>
        <field name="condition_select">none</field>
        <field name="amount_select">code</field>
        <field name="appears_on_payslip" eval='False'></field>
        <field name="amount_python_compute"><![CDATA[result = -inputs.get('IR100', {'amount': 0})['amount']]]></field>
        <field name="struct_id" ref="bi_kenya_salary_tax.kenya_paye_salary_structure"/>
    </record>
    <record id="ir_s_rl" model="hr.payslip.input.type">
        <field name="name">IR100</field>
        <field name="code">IR100</field>
    </record>

    <!-- AHL RELIEF -->
    <record id="hr_ar_rule" model="hr.salary.rule">
        <field name="name">AHL RELIEF</field>
        <field name="sequence" eval="10"/>
        <field name="code">AR100</field>
        <field name="category_id" ref="bi_kenya_salary_tax.PAYE"/>
        <field name="condition_select">none</field>
        <field name="amount_select">code</field>
        <field name="appears_on_payslip" eval='False'></field>
        <field name="amount_python_compute"><![CDATA[result = -inputs.get('AR100', {'amount': 0})['amount']]]></field>
        <field name="struct_id" ref="bi_kenya_salary_tax.kenya_paye_salary_structure"/>
    </record>
    <record id="ar_s_rl" model="hr.payslip.input.type">
        <field name="name">AR100</field>
        <field name="code">AR100</field>
    </record>

    <!-- PERSONAL RELIEF -->
    <record id="hr_pr_rule" model="hr.salary.rule">
        <field name="name">PERSONAL RELIEF</field>
        <field name="sequence" eval="10"/>
        <field name="code">PR100</field>
        <field name="category_id" ref="bi_kenya_salary_tax.PAYE"/>
        <field name="condition_select">none</field>
        <field name="amount_select">code</field>
        <field name="appears_on_payslip" eval='False'></field>
        <field name="amount_python_compute"><![CDATA[result = -inputs.get('PR100', {'amount': 0})['amount']]]></field>
        <field name="struct_id" ref="bi_kenya_salary_tax.kenya_paye_salary_structure"/>
    </record>
    <record id="pr_s_rl" model="hr.payslip.input.type">
        <field name="name">PR100</field>
        <field name="code">PR100</field>
    </record>
</odoo>
