<?xml version="1.0" encoding="utf-8"?>
<odoo>
    <data noupdate="1">

        <record id="journal_entry_sequence_service" model="ir.sequence">
          <field name="name">Journal Sequence</field>
          <field name="code">journal.sequence</field>
          <field name="prefix">-For Processed Journal-</field>
          <field name="padding">4</field>
          <field name="implementation">standard</field>
        </record>
        <!-- meat process sequence-->
        <record id="meat_process_sequence" model="ir.sequence">
          <field name="name">Meat Process Sequence</field>
          <field name="code">kit.assembly</field>
          <field name="prefix">MT</field>
          <field name="padding">5</field>
          <field eval="False" name="company_id"/>
        </record>
        <!-- group for price seeing -->
        <record id="group_price_unit" model="res.groups">
          <field name="name">Price Unit</field>
      </record>

    </data>

</odoo>
