<?xml version="1.0" encoding="UTF-8"?>
<templates id="template" xml:space="preserve">
    <t t-name="bi_discount_amount.DiscountAmountButton">
        <button class="control-button btn btn-light rounded-0 fw-bolder" t-on-click="() => this.onClick()">
            <i class="fa fa-tag me-1" />
            <span> </span>
            <span>Discount Amt</span>
        </button>
    </t>
   <t t-name="pos_discount" t-inherit="point_of_sale.Orderline" t-inherit-mode="extension">
        <xpath expr="//li/div[1]" position="after">
           <t t-if="props.slots.default.__ctx.line.discount_amount">
                <b><h7>Discount Amount: <t t-esc="props.slots.default.__ctx.line.discount_amount"/></h7></b>
           </t>
        </xpath>
    </t>
</templates>
