<odoo>
    <data noupdate="0">
        <record id="employee_housing_allowance" model="hr.salary.rule">
            <field name="name">Housing Allowance</field>
            <field name="sequence" eval="10"/>
            <field name="code">HA</field>
            <field name="category_id" ref="hr_payroll.ALW"/>
            <field name="condition_select">none</field>
            <field name="amount_select">code</field>
            <field name="amount_python_compute">result = contract.l10n_ae_housing_allowance</field>
            <field name="struct_id" ref="hr_payroll.structure_worker_001"/>
        </record>
        <record id="employee_housing_allowance_regular" model="hr.salary.rule">
            <field name="name">Housing Allowance</field>
            <field name="sequence" eval="10"/>
            <field name="code">HA</field>
            <field name="category_id" ref="hr_payroll.ALW"/>
            <field name="condition_select">none</field>
            <field name="amount_select">code</field>
            <field name="amount_python_compute">result = contract.l10n_ae_housing_allowance</field>
            <field name="struct_id" ref="hr_payroll.structure_002"/>
        </record>
        <record id="employee_housing_allowance_regular_dubai" model="hr.salary.rule">
            <field name="name">Housing Allowance</field>
            <field name="sequence" eval="10"/>
            <field name="code">HA</field>
            <field name="category_id" ref="hr_payroll.ALW"/>
            <field name="condition_select">none</field>
            <field name="amount_select">code</field>
            <field name="amount_python_compute">result = contract.l10n_ae_housing_allowance</field>
            <field name="struct_id" ref="l10n_ae_hr_payroll.uae_employee_payroll_structure"/>
        </record>
        <record id="employee_housing_allowance_regular_kenya" model="hr.salary.rule">
            <field name="name">Housing Allowance</field>
            <field name="sequence" eval="10"/>
            <field name="code">HA</field>
            <field name="category_id" ref="hr_payroll.ALW"/>
            <field name="condition_select">none</field>
            <field name="amount_select">code</field>
            <field name="amount_python_compute">result = contract.l10n_ae_housing_allowance</field>
            <field name="struct_id" ref="bi_kenya_salary_tax.kenya_paye_salary_structure"/>
        </record>

        <record id="employee_transportation_allowance" model="hr.salary.rule">
            <field name="name">Transportation Allowance</field>
            <field name="sequence" eval="10"/>
            <field name="code">TA</field>
            <field name="category_id" ref="hr_payroll.ALW"/>
            <field name="condition_select">none</field>
            <field name="amount_select">code</field>
            <field name="amount_python_compute">result = contract.l10n_ae_transportation_allowance</field>
            <field name="struct_id" ref="hr_payroll.structure_worker_001"/>
        </record>
        <record id="employee_transportation_allowance_regular" model="hr.salary.rule">
            <field name="name">Transportation Allowance</field>
            <field name="sequence" eval="10"/>
            <field name="code">TA</field>
            <field name="category_id" ref="hr_payroll.ALW"/>
            <field name="condition_select">none</field>
            <field name="amount_select">code</field>
            <field name="amount_python_compute">result = contract.l10n_ae_transportation_allowance</field>
            <field name="struct_id" ref="hr_payroll.structure_002"/>
        </record>
        <record id="employee_transportation_allowance_regular_dubai" model="hr.salary.rule">
            <field name="name">Transportation Allowance</field>
            <field name="sequence" eval="10"/>
            <field name="code">TA</field>
            <field name="category_id" ref="hr_payroll.ALW"/>
            <field name="condition_select">none</field>
            <field name="amount_select">code</field>
            <field name="amount_python_compute">result = contract.l10n_ae_transportation_allowance</field>
            <field name="struct_id" ref="l10n_ae_hr_payroll.uae_employee_payroll_structure"/>
        </record>
        <record id="employee_transportation_allowance_regular_kenya" model="hr.salary.rule">
            <field name="name">Transportation Allowance</field>
            <field name="sequence" eval="10"/>
            <field name="code">TA</field>
            <field name="category_id" ref="hr_payroll.ALW"/>
            <field name="condition_select">none</field>
            <field name="amount_select">code</field>
            <field name="amount_python_compute">result = contract.l10n_ae_transportation_allowance</field>
            <field name="struct_id" ref="bi_kenya_salary_tax.kenya_paye_salary_structure"/>
        </record>

        <record id="employee_social_allowance" model="hr.salary.rule">
            <field name="name">Social Allowance</field>
            <field name="sequence" eval="10"/>
            <field name="code">SA</field>
            <field name="category_id" ref="hr_payroll.ALW"/>
            <field name="condition_select">none</field>
            <field name="amount_select">code</field>
            <field name="amount_python_compute">result = contract.social_allowance</field>
            <field name="struct_id" ref="hr_payroll.structure_worker_001"/>
        </record>
        <record id="employee_social_allowance_regular" model="hr.salary.rule">
            <field name="name">Social Allowance</field>
            <field name="sequence" eval="10"/>
            <field name="code">SA</field>
            <field name="category_id" ref="hr_payroll.ALW"/>
            <field name="condition_select">none</field>
            <field name="amount_select">code</field>
            <field name="amount_python_compute">result = contract.social_allowance</field>
            <field name="struct_id" ref="hr_payroll.structure_002"/>
        </record>
        <record id="employee_social_allowance_regular_kenya" model="hr.salary.rule">
            <field name="name">Social Allowance</field>
            <field name="sequence" eval="10"/>
            <field name="code">SA</field>
            <field name="category_id" ref="hr_payroll.ALW"/>
            <field name="condition_select">none</field>
            <field name="amount_select">code</field>
            <field name="amount_python_compute">result = contract.social_allowance</field>
            <field name="struct_id" ref="bi_kenya_salary_tax.kenya_paye_salary_structure"/>
        </record>

        <record id="employee_food_allowance" model="hr.salary.rule">
            <field name="name">Food Allowance</field>
            <field name="sequence" eval="10"/>
            <field name="code">FA</field>
            <field name="category_id" ref="hr_payroll.ALW"/>
            <field name="condition_select">none</field>
            <field name="amount_select">code</field>
            <field name="amount_python_compute">result = contract.food_allowance</field>
            <field name="struct_id" ref="hr_payroll.structure_worker_001"/>
        </record>
        <record id="employee_food_allowance_regular" model="hr.salary.rule">
            <field name="name">Food Allowance</field>
            <field name="sequence" eval="10"/>
            <field name="code">FA</field>
            <field name="category_id" ref="hr_payroll.ALW"/>
            <field name="condition_select">none</field>
            <field name="amount_select">code</field>
            <field name="amount_python_compute">result = contract.food_allowance</field>
            <field name="struct_id" ref="hr_payroll.structure_002"/>
        </record>
        <record id="employee_food_allowance_regular_kenya" model="hr.salary.rule">
            <field name="name">Food Allowance</field>
            <field name="sequence" eval="10"/>
            <field name="code">FA</field>
            <field name="category_id" ref="hr_payroll.ALW"/>
            <field name="condition_select">none</field>
            <field name="amount_select">code</field>
            <field name="amount_python_compute">result = contract.food_allowance</field>
            <field name="struct_id" ref="bi_kenya_salary_tax.kenya_paye_salary_structure"/>
        </record>

        <record id="employee_petrol_allowances" model="hr.salary.rule">
            <field name="name">Petrol Allowances</field>
            <field name="sequence" eval="10"/>
            <field name="code">PA</field>
            <field name="category_id" ref="hr_payroll.ALW"/>
            <field name="condition_select">none</field>
            <field name="amount_select">code</field>
            <field name="amount_python_compute">result = contract.petrol_allowances</field>
            <field name="struct_id" ref="hr_payroll.structure_worker_001"/>
        </record>
        <record id="employee_petrol_allowances_regular" model="hr.salary.rule">
            <field name="name">Petrol Allowances</field>
            <field name="sequence" eval="10"/>
            <field name="code">PA</field>
            <field name="category_id" ref="hr_payroll.ALW"/>
            <field name="condition_select">none</field>
            <field name="amount_select">code</field>
            <field name="amount_python_compute">result = contract.petrol_allowances</field>
            <field name="struct_id" ref="hr_payroll.structure_002"/>
        </record>
        <record id="employee_petrol_allowances_regular_kenya" model="hr.salary.rule">
            <field name="name">Petrol Allowances</field>
            <field name="sequence" eval="10"/>
            <field name="code">PA</field>
            <field name="category_id" ref="hr_payroll.ALW"/>
            <field name="condition_select">none</field>
            <field name="amount_select">code</field>
            <field name="amount_python_compute">result = contract.petrol_allowances</field>
            <field name="struct_id" ref="bi_kenya_salary_tax.kenya_paye_salary_structure"/>
        </record>

        <record id="employee_l10n_ae_other_allowances" model="hr.salary.rule">
            <field name="name">Other Allowances</field>
            <field name="sequence" eval="10"/>
            <field name="code">OA</field>
            <field name="category_id" ref="hr_payroll.ALW"/>
            <field name="condition_select">none</field>
            <field name="amount_select">code</field>
            <field name="amount_python_compute">result = contract.l10n_ae_other_allowances</field>
            <field name="struct_id" ref="hr_payroll.structure_worker_001"/>
        </record>
        <record id="employee_l10n_ae_other_allowances_regular" model="hr.salary.rule">
            <field name="name">Other Allowances</field>
            <field name="sequence" eval="10"/>
            <field name="code">OA</field>
            <field name="category_id" ref="hr_payroll.ALW"/>
            <field name="condition_select">none</field>
            <field name="amount_select">code</field>
            <field name="amount_python_compute">result = contract.l10n_ae_other_allowances</field>
            <field name="struct_id" ref="hr_payroll.structure_002"/>
        </record>
        <record id="employee_l10n_ae_other_allowances_regular_dubai" model="hr.salary.rule">
            <field name="name">Other Allowances</field>
            <field name="sequence" eval="10"/>
            <field name="code">OA</field>
            <field name="category_id" ref="hr_payroll.ALW"/>
            <field name="condition_select">none</field>
            <field name="amount_select">code</field>
            <field name="amount_python_compute">result = contract.l10n_ae_other_allowances</field>
            <field name="struct_id" ref="l10n_ae_hr_payroll.uae_employee_payroll_structure"/>
        </record>
        <record id="employee_l10n_ae_other_allowances_regular_kenya" model="hr.salary.rule">
            <field name="name">Other Allowances</field>
            <field name="sequence" eval="10"/>
            <field name="code">OA</field>
            <field name="category_id" ref="hr_payroll.ALW"/>
            <field name="condition_select">none</field>
            <field name="amount_select">code</field>
            <field name="amount_python_compute">result = contract.l10n_ae_other_allowances</field>
            <field name="struct_id" ref="bi_kenya_salary_tax.kenya_paye_salary_structure"/>
        </record>
    </data>
</odoo>