<?xml version="1.0" encoding="UTF-8"?>
<templates id="template_pos" xml:space="preserve">
    <t t-inherit="point_of_sale.OrderReceipt" t-inherit-mode="extension">
        <xpath expr="//div[@class='pos-receipt']/OrderWidget" position="replace">
            <!-- This xpath might have issue later on because OrdeWidget and Orderline are replaced here and
            those components are xpathed in other server code modules. -->
            <t t-if="props.data.partner">
                <p class='partner_details'>Customer:
                    <strong><t t-esc="props.data.partner"/></strong>
                </p>
            </t>
            <t t-if="props.data.partner_vat">
                <p class='partner_details'>Vat:
                    <t t-esc="props.data.partner_vat"/>
                </p>

            </t>
            <table width='100%'>
                <tr style="font-size:2px;border-bottom:2px solid black">
                    <th width='48%' style="font-size:28px; text-align:left;"><b>Items</b><br/><span style="font-size:27px">أغراض</span></th>
                    <th width='18%' style="font-size:28px; text-align:left;"><b>Qty</b><br/><span style="font-family:Almarai arabic;font-size:27px">كمية</span></th>
                    <th width='18%' style="font-size:28px; text-align:center;"><b>Price</b><br/><span style="font-size:27px">سعر</span></th>
                    <th width='16%' style="font-size:28px; text-align:left;"><b>Amount</b><br/><span style="font-family:Almarai arabic;font-size:27px">كمية</span></th>
                </tr>
                <t t-foreach="props.data.orderlines" t-as="a" t-key='a.productName'>
                    <tr style="border-bottom:2px dashed black">
                        <td style="font-size:29px; text-align:left;">
                            <t t-esc="a['productName']"/>
                            <t t-if="a['arabic_name']">
                                <br/>
                                <t t-esc="a['arabic_name']"/>
                            </t>

                            <!-- <t t-if="a['tax']">
                                <div style="display: inline-flex;font-size:13px;" t-translation="off">Taxes / الضرائب:<span t-esc="a['tax']" style="margin-left: 5px;"></span></div>
                            </t> -->
                            <t t-if="a['discount'] != '0'">
                                <br/>
                                <div style="font-size:29px;">(Discount:
                                    <t t-esc="a['discount']"/>%)
                                </div>
                            </t>
                        </td>
                        <td style="font-size:29px; text-align:left;"><t t-esc="a['qty']"/></td>
                        <td style="font-size:29px; text-align:center;"><t t-esc="a['unitPrice']"/></td>
                        <td style="font-size:29px; text-align:right;"><strong><t t-esc="a['price']"/></strong></td>
                    </tr>
                </t>

            </table>
        </xpath>
        <xpath expr="//div[@t-if='props.data.is_gcc_country']" position='replace'>
            <div></div>
        </xpath>
        <xpath expr="//div[@class='pos-receipt']/div[@class='pos-receipt-right-align']" position="replace"></xpath>
        <xpath expr="//span[@t-esc='props.formatCurrency(props.data.amount_total)']/.." position="attributes">
            <attribute name="t-if">!props.data.is_gcc_country</attribute>
        </xpath>
        <xpath expr="//span[@t-esc='props.formatCurrency(props.data.amount_total)']/.." position="after">
            <div t-if="props.data.is_gcc_country" class="pos-receipt-amount pos-receipt-amount-arabic" t-translation="off">
                TOTAL / <br/> الإجمالي
                <span t-esc="props.formatCurrency(props.data.amount_total)" class="pos-receipt-right-align"/>
            </div>
        </xpath>
       <xpath expr="//div[@class='pos-receipt-amount receipt-change pos-receipt-amount-arabic']" position="replace">
            <div t-if="props.data.is_gcc_country"  t-translation="off">
                CHANGE / <br/> الباقي
                <span t-esc="props.formatCurrency(props.data.change)" class="pos-receipt-right-align"/>
            </div>
        </xpath>
        <!-- Footer -->
        <xpath expr="//div[@t-esc='props.data.date']" position="after">
        <div style='padding-top:16px;'>
            ----- Thank You -----<br/>
                شكرًا لك <br/>
            ** TRY US ONLINE** <br/>
                <t t-if="props.data.headerData.company.website">
                    <div><t t-esc="props.data.headerData.company.website" /></div>
                </t>
            <br/>
            <img id="qrcode" t-att-src="props.data.headerData.qr_code" class="pos-receipt-qrcode"/>
            <br/>
        </div>
        </xpath>
        <!-- <xpath expr="//p[text()='Odoo Point of Sale']" position="replace"></xpath> -->
        <xpath expr="//div[@class='pos-receipt-taxes']" position="replace">
            <div t-if="props.data.tax_details.length > 0" class="pos-receipt-taxes">
                <span />
                <span>TAX%</span>
                <span>Tax</span>
                <span>Base</span>
                <span>Total</span>
                <t t-foreach="props.data.tax_details" t-as="tax" t-key="tax.tax.id">
                    <span t-esc="tax.tax.letter || ''"/>
                    <span><t t-esc="tax.tax.amount"/> %</span>
                    <span t-esc="props.formatCurrency(tax.amount, false)" />
                    <span t-esc="props.formatCurrency(tax.base, false)" />
                    <span t-esc="props.formatCurrency(tax.amount + tax.base, false)" />
                </t>
                <t t-if="props.data.tax_details.length > 1">
                    <span />
                    <span />
                    <span t-esc="props.formatCurrency(props.data.amount_tax, false)" />
                    <span t-esc="props.formatCurrency(props.data.total_without_tax, false)" />
                    <span t-esc="props.formatCurrency(props.data.amount_total, false)" />
                </t>
            </div>
        </xpath>

    </t>
</templates>
