<?xml version="1.0" encoding="UTF-8"?>
<templates id="template_pos" xml:space="preserve">
    <t t-inherit="point_of_sale.ReceiptHeader" t-inherit-mode="extension">
    <xpath expr="//img[@class='pos-receipt-logo']" position="replace">
            <img t-attf-src="/web/image?model=res.company&amp;id={{props.data.company.id}}&amp;field=logo" alt="Logo" class="pos-receipt-logo" style="width: 240px; height: 152px;"/>
    </xpath>
        <xpath expr="//br[1]" position="replace"></xpath>
        <xpath expr="//div[@class='pos-receipt-contact']" position="replace">
            <div class="pos-receipt-contact" style="font-size:28px">
                <!-- <div t-if="props.data.company.partner_id?.[1]" t-esc="props.data.company.partner_id[1]" /> -->
                <t t-if="props.data.branch_address">
                    <div>
                        <t style="font-size:28px" t-esc="props.data.branch_address" /><br/>
                        <div>Phone: <t style="font-size:28px" t-esc="props.data.branch_phone" /></div>
                    </div>
                    <t t-if="props.data.company.vat">
                        <div>VAT#<t t-esc="props.data.company.vat" /></div>
                    </t>
                </t>
                <t t-else="">
                    <t t-if="props.data.company.street">
                    <div>
                        <t t-esc="props.data.company.street" />
                        <t t-if="props.data.company.street2">
                            <span>, <t t-esc="props.data.company.street2" /></span>
                        </t>
                    </div>
                    </t>
                    <t t-if="props.data.company.city">
                        <div>
                            <t t-esc="props.data.company.city" />
                            <t t-if="props.data.company.zip">
                                <span>, PIN: <t t-esc="props.data.company.zip" /></span>
                            </t>
                        </div>
                    </t>
                    <t t-if="props.data.company.phone">
                        <div>
                            Tel: <t t-esc="props.data.company.phone" />
                            <t t-if="props.data.company.mobile">
                                <span style='padding-left:12px'>Mob: <t t-esc="props.data.company.mobile" /></span>
                            </t>
                        </div>
                    </t>
                    <t t-if="!props.data.company.phone and props.data.company.mobile">
                        <div>
                            Mob: <t t-esc="props.data.company.mobile" />
                        </div>
                    </t>
                    <t t-if="props.data.company.vat">
                        <div>VAT#<t t-esc="props.data.company.vat" /></div>
                    </t>
                    <t t-if="props.data.company.email">
                        <div><t t-esc="props.data.company.email" /></div>
                    </t>
                    <!-- <t t-if="props.data.company.website">
                        <div><t t-esc="props.data.company.website" /></div>
                    </t> -->
                </t>
                <div>---------------------------------------</div>
                <t t-if="props.data.cashier">
                    <div class="cashier">
                        <div>Served by <t t-esc="props.data.cashier" /></div>
                    </div>
                </t>
                <div style='margin-top:20px'>
                    <h2>Welcome</h2>
                    <h2>مرحباً</h2>
                </div>
            </div>
        </xpath>
        <xpath expr="//img[@id='qrcode']" position="replace"></xpath>
        <xpath expr="//t[@t-if='props.data.is_gcc_country']/br[1]" position="replace"></xpath>
        <!-- <xpath expr="//t[@t-if='props.data.is_gcc_country']/br[2]" position="replace"></xpath> -->
    </t>
</templates>
