<?xml version="1.0" encoding='UTF-8'?>
<odoo>
    <data noupdate="0">
  
    <record id="uae_end_of_service_provision_salary_rule_month" model="hr.salary.rule">
        <field name="name">End of Service Provision Monthly</field>
        <field name="category_id" ref="hr_payroll.COMP"/>
        <field name="code">EOSP</field>
        <field name="appears_on_payslip">False</field>
        <field name="sequence">90</field>
        <field name="condition_select">python</field>
        <field name="condition_python">result = employee.active</field>
        <field name="amount_select">code</field>
        <field name="amount_python_compute">  <![CDATA[
result = 0
start_date = contract.first_contract_date
end_date = date.today()
difference = relativedelta(end_date, start_date)
compensation_year = contract.wage / 30 * 21
compensation = compensation_year/12
years = difference.years
years_beyond_5 = years - 5
if 1 <= years <= 5:
    result = compensation
if years_beyond_5 > 0:
    result = ((contract.wage / 30)*30)/12
result = payslip.company_id.currency_id.round(ceil(result))
            ]]></field>
        <field name="struct_id" ref="l10n_ae_hr_payroll.uae_employee_payroll_structure"/>
    </record>
    <record id="uae_end_of_service_salary_rule_new" model="hr.salary.rule">
        <field name="name">End of Service Payout</field>
        <field name="category_id" ref="hr_payroll.ALW"/>
        <field name="code">EOS</field>
        <field name="sequence">80</field>
        <field name="condition_select">python</field>
        <field name="condition_python">result = not employee.active and employee.departure_reason_id</field>
        <field name="amount_select">code</field>
        <field name="amount_python_compute">
            <![CDATA[
result = 0
start_date = contract.first_contract_date
end_date = contract.date_end
difference = relativedelta(end_date, start_date)
compensation_year = contract.wage / 30 * 21
compensation = difference.years * compensation_year
years = difference.years
years_beyond_5 = years - 5
if contract.date_start >= date(2022,2,1):
    if 1 <= years <= 5:
        result = compensation
    elif 5 < years:
        result = 5 * compensation_year + (compensation - 5 * compensation_year) * 30 / 21
    result = payslip.company_id.currency_id.round(ceil(result))
else:
    result = compensation
    if 5 < years:
        result = 5 * compensation_year + (compensation - 5 * compensation_year) * 30 / 21
    result = payslip.company_id.currency_id.round(ceil(result))
]]>
</field>
        <field name="struct_id" ref="l10n_ae_hr_payroll.uae_employee_payroll_structure"/>
    </record>

    <record id="employee_social_allowance_uae" model="hr.salary.rule">
        <field name="name">Social Allowance</field>
        <field name="category_id" ref="hr_payroll.ALW"/>
        <field name="code">SA</field>
        <field name="sequence">30</field>
        <field name="condition_select">python</field>
        <field name="condition_python">result = employee.active</field>
        <field name="amount_select">code</field>
        <field name="amount_python_compute">result = contract.social_allowance</field>
        <field name="struct_id" ref="l10n_ae_hr_payroll.uae_employee_payroll_structure"/>
    </record>

    <record id="employee_food_allowance_uae" model="hr.salary.rule">
        <field name="name">Food Allowance</field>
        <field name="sequence" eval="10"/>
        <field name="code">FA</field>
        <field name="category_id" ref="hr_payroll.ALW"/>
        <field name="condition_select">python</field>
        <field name="condition_python">result = employee.active</field>
        <field name="amount_select">code</field>
        <field name="amount_python_compute">result = contract.food_allowance</field>
        <field name="struct_id" ref="l10n_ae_hr_payroll.uae_employee_payroll_structure"/>
    </record>

    <record id="employee_petrol_allowances_uae" model="hr.salary.rule">
        <field name="name">Petrol Allowances</field>
        <field name="sequence" eval="10"/>
        <field name="code">PA</field>
        <field name="category_id" ref="hr_payroll.ALW"/>
        <field name="condition_select">python</field>
        <field name="condition_python">result = employee.active</field>
        <field name="amount_select">code</field>
        <field name="amount_python_compute">result = contract.petrol_allowances</field>
        <field name="struct_id" ref="l10n_ae_hr_payroll.uae_employee_payroll_structure"/>
    </record>
</data>
</odoo>
