<?xml version="1.0" encoding="utf-8"?>
<odoo>
    <record id="mail_template_loyalty_points_loyalty_card" model="mail.template">
        <field name="name">Loyalty: Loyalty Points Information</field>
        <field name="model_id" ref="loyalty.model_loyalty_card"/>
        <field name="subject">You earned Loyalty Points from {{ object.program_id.company_id.name }}</field>
        <field name="email_from">{{ object.program_id.company_id.email }}</field>
        <field name="partner_to">{{ object._get_mail_partner().id }}</field>
        <field name="lang">{{ object._get_mail_partner().lang }}</field>
        <field name="description">Sent to customer with Loyalty Point information</field>
        <field name="body_html" type="html">
            <table border="0" cellpadding="0" cellspacing="0"
                   style="width:100%; margin:0px auto; background:#ffffff; color:#333333;">
                <tbody>
                    <tr>
                        <td valign="top" style="text-align: center; font-size: 14px;">
                            <t t-if="object._get_mail_partner().name">
                                Congratulations <t t-out="object._get_mail_partner().name or ''">Brandon Freeman</t>,
                                <br/>
                            </t>

                            Here is your reward from <t t-out="object.program_id.company_id.name or ''">YourCompany</t>.
                            <br/>

                            <t t-foreach="object.program_id.reward_ids" t-as="reward">
                                <t t-if="reward.required_points &lt;= object.points">
                                    <span style="font-size: 50px; color: #875A7B; font-weight: bold;"
                                          t-esc="reward.description">Reward Description
                                    </span>
                                    <br/>
                                </t>
                            </t>
                        </td>
                    </tr>
                    <tr style="margin-top: 16px">
                        <td valign="top" style="text-align: center; font-size: 14px;">
                            Use this promo code
                            <t t-if="object.expiration_date">
                                before
                                <t t-out="object.expiration_date or ''">2021-06-16</t>
                            </t>
                            <p style="margin-top: 16px;">
                                <strong style="padding: 16px 8px 16px 8px; border-radius: 3px; background-color: #F1F1F1;"
                                        t-out="object.code or ''">15637502648479132902
                                </strong>
                            </p>
                            <br/>
                            <t>
                                <span style="font-size: 14px;">
                                    You earned
                                    <t t-out="object.last_addon_point or ''">0</t>
                                    Loyalty Points
                                </span>
                                <br/>
                            </t>

                            <t>
                                <p style="font-size: 14px;">
                                    Total Loyalty Points
                                    <t t-out="object.points or ''">0</t>
                                </p>
                                <br/>
                            </t>
                            <t t-if="object.expiration_date">
                                <p style="font-size: 14px;">
                                    Card expires
                                    <t t-out="format_date(object.expiration_date) or ''">05/05/2021</t>
                                </p>
                                <br/>
                            </t>

                            <br/>
                            Thank you,
                            <t t-if="object._get_signature()">
                                <br/>
                                <t t-out="object._get_signature() or ''">--<br/>Mitchell Admin
                                </t>
                            </t>
                        </td>
                    </tr>
                </tbody>
            </table>
        </field>
        <field name="report_template_ids" eval="[(4, ref('loyalty.report_loyalty_card'))]"/>
        <field name="auto_delete" eval="True"/>
    </record>
</odoo>