<?xml version="1.0"?>
<odoo noupdate="0">
    <record id="whatsapp_template_loyalty_points_loyalty_card" model="whatsapp.template">
        <field name="name">Loyalty Points</field>
        <field name="template_name">loyalty_card</field>
        <field name="lang_code">en</field>
        <field name="template_type">utility</field>
        <field name="header_type">text</field>
        <field name="header_text">Loyalty Reward</field>
        <!--        <field name="report_id" ref="sale.action_report_saleorder"/>-->
        <field name="footer_text">Write 'stop' to stop receiving messages</field>
        <field name="phone_field">partner_id.mobile</field>
        <field name="model_id" ref="loyalty.model_loyalty_card"/>
        <field name="body">Hello {{1}},

Congratulations! You earned *{{2}}* Loyalty Points from your order *{{3}}*.
Your Total Loyalty Points: *{{4}}*

Use this promo code: *{{5}}* on your next order

Thank you
        </field>
        <field name="variable_ids" eval="[
            (5, 0, 0),
            (0, 0, {
                'name': '{{1}}',
                'demo_value': 'Azure Interior',
                'line_type': 'body',
                'field_type': 'field',
                'field_name': 'partner_id'
            }),
            (0, 0, {
                'name': '{{2}}',
                'demo_value': '55',
                'line_type': 'body',
                'field_type': 'field',
                'field_name': 'last_addon_point'
            }),
            (0, 0, {
                'name': '{{3}}',
                'demo_value': 'S00018',
                'line_type': 'body',
                'field_type': 'field',
                'field_name': 'last_addon_order_ref'
            }),
            (0, 0, {
                'name': '{{4}}',
                'demo_value': '$',
                'line_type': 'body',
                'field_type': 'field',
                'field_name': 'points'
            }),
            (0, 0, {
                'name': '{{5}}',
                'demo_value': '0444-6979-4166',
                'line_type': 'body',
                'field_type': 'field',
                'field_name': 'code'
            })
        ]"/>
    </record>
</odoo>
