<?xml version="1.0" encoding="UTF-8"?>
<templates id="template" xml:space="preserve">
    <t t-name="OrderReceipt" t-inherit="point_of_sale.OrderReceipt" t-inherit-mode="extension">
        <xpath expr="//div[hasclass('pos-receipt-amount')]" position="after">
            <t t-if="props.data.headerData.coupon_code">
                <div></div><br/>
                <div class="coupon-code" style="font-size: 15px">
                    On your next order use this promo code:
                </div>
                <div>
                <div class="pos-receipt-amount">
                    <span t-esc="props.data.headerData.coupon_code"  style="font-size: 16px; font-weight:bold;" class="coupon-code-center-align"/>
                </div>
                </div>
            </t>
        </xpath>
    </t>
</templates>
