<?xml version="1.0" encoding="utf-8"?>
<odoo>
    <data noupdate="0">
        <record id="group_product_cost_price" model="res.groups">
            <field name="name">Cost Price</field>
<!--            <field name="category_id" ref="base.module_category_inventory_inventory"/>-->
        </record>

        <record id="group_product_sales_price" model="res.groups">
            <field name="name">Sales Price</field>
<!--            <field name="category_id" ref="base.module_category_inventory_inventory"/>-->
        </record>   
    </data>
</odoo>
