<?xml version="1.0" encoding="UTF-8" ?>
<odoo>
    <data>

        <record model="ir.module.category" id="module_category_menu_visibility">
            <field name="name">menu visibility</field>
            <field name="description">Security</field>
            <field name="sequence">8</field>
        </record>

        <!-- Define the Reporting View group -->
        <record id="reporting_view_group" model="res.groups">
            <field name="name">Reporting View</field>
            <field name="category_id" ref="module_category_menu_visibility"/>
        </record>

        <!-- Customize the crm view -->




    </data>
</odoo>
