<odoo>
    <record id="ir_cron_check_employee" model="ir.cron">
        <field name="name">Check customer is employee</field>
        <field name="model_id" ref="model_res_partner"/>
        <field name="state">code</field>
        <field name="code">model.is_employee_check()</field>
        <field name="interval_number">1</field>
        <field name="interval_type">days</field>
        <field name="numbercall">-1</field>
    </record>
    <record id="ir_cron_employee_purchase_limit" model="ir.cron">
        <field name="name">Fetch employee Purchase Limit</field>
        <field name="model_id" ref="model_res_partner"/>
        <field name="state">code</field>
        <field name="code">model.employee_purchase_limit()</field>
        <field name="interval_number">1</field>
        <field name="interval_type">days</field>
        <field name="numbercall">-1</field>
    </record>
    <record id="ir_cron_employee_emi_close" model="ir.cron">
        <field name="name">Employee EMI Close</field>
        <field name="model_id" ref="model_employee_emi"/>
        <field name="state">code</field>
        <field name="code">model.employee_emi_close()</field>
        <field name="interval_number">1</field>
        <field name="interval_type">days</field>
        <field name="numbercall">-1</field>
    </record>

</odoo>