<odoo>
    <data noupdate="0">
        <record id="employee_purchase" model="hr.salary.rule">
            <field name="name">Purchase Expense</field>
            <field name="sequence" eval="99"/>
            <field name="code">PED</field>
            <field name="category_id" ref="hr_payroll.DED"/>
            <field name="condition_select">none</field>
            <field name="amount_select">code</field>
            <field name="amount_python_compute">result = -inputs['PED'].amount</field>
            <field name="struct_id" ref="hr_payroll.structure_002"/>
        </record>
        <record id="employee_purchase_worker" model="hr.salary.rule">
            <field name="name">Purchase Expense</field>
            <field name="sequence" eval="99"/>
            <field name="code">PED</field>
            <field name="category_id" ref="hr_payroll.DED"/>
            <field name="condition_select">none</field>
            <field name="amount_select">code</field>
            <field name="amount_python_compute">result = -inputs['PED'].amount</field>
            <field name="struct_id" ref="hr_payroll.structure_worker_001"/>
        </record>
        <record id="employee_purchase_worker_dubai" model="hr.salary.rule">
            <field name="name">Purchase Expense</field>
            <field name="sequence" eval="99"/>
            <field name="code">PED</field>
            <field name="category_id" ref="hr_payroll.DED"/>
            <field name="condition_select">none</field>
            <field name="amount_select">code</field>
            <field name="amount_python_compute">result = -inputs['PED'].amount</field>
            <field name="struct_id" ref="l10n_ae_hr_payroll.uae_employee_payroll_structure"/>
        </record>
        <record id="employee_purchase_worker_kenya" model="hr.salary.rule">
            <field name="name">Purchase Expense</field>
            <field name="sequence" eval="99"/>
            <field name="code">PED</field>
            <field name="category_id" ref="hr_payroll.DED"/>
            <field name="condition_select">none</field>
            <field name="amount_select">code</field>
            <field name="amount_python_compute">result = -inputs['PED'].amount</field>
            <field name="struct_id" ref="bi_kenya_salary_tax.kenya_paye_salary_structure"/>
        </record>

        <record id="employee_purchase_reduction" model="hr.payslip.input.type">
            <field name="name">PED</field>
            <field name="code">PED</field>
            <field name="country_id" eval="False"/>
        </record>

        <record id="employee_purchase_emi" model="hr.salary.rule">
            <field name="name">Purchase Emi</field>
            <field name="sequence" eval="98"/>
            <field name="code">PEEMI</field>
            <field name="category_id" ref="hr_payroll.DED"/>
            <field name="condition_select">none</field>
            <field name="amount_select">code</field>
            <field name="amount_python_compute">result = -inputs['PEEMI'].amount</field>
            <field name="struct_id" ref="hr_payroll.structure_002"/>
        </record>
        <record id="employee_purchase_emi_worker" model="hr.salary.rule">
            <field name="name">Purchase Emi</field>
            <field name="sequence" eval="98"/>
            <field name="code">PEEMI</field>
            <field name="category_id" ref="hr_payroll.DED"/>
            <field name="condition_select">none</field>
            <field name="amount_select">code</field>
            <field name="amount_python_compute">result = -inputs['PEEMI'].amount</field>
            <field name="struct_id" ref="hr_payroll.structure_worker_001"/>
        </record>
        <record id="employee_purchase_emi_worker_dubai" model="hr.salary.rule">
            <field name="name">Purchase Emi</field>
            <field name="sequence" eval="98"/>
            <field name="code">PEEMI</field>
            <field name="category_id" ref="hr_payroll.DED"/>
            <field name="condition_select">none</field>
            <field name="amount_select">code</field>
            <field name="amount_python_compute">result = -inputs['PEEMI'].amount</field>
            <field name="struct_id" ref="l10n_ae_hr_payroll.uae_employee_payroll_structure"/>
        </record>
        <record id="employee_purchase_emi_worker_kenya" model="hr.salary.rule">
            <field name="name">Purchase Emi</field>
            <field name="sequence" eval="98"/>
            <field name="code">PEEMI</field>
            <field name="category_id" ref="hr_payroll.DED"/>
            <field name="condition_select">none</field>
            <field name="amount_select">code</field>
            <field name="amount_python_compute">result = -inputs['PEEMI'].amount</field>
            <field name="struct_id" ref="bi_kenya_salary_tax.kenya_paye_salary_structure"/>
        </record>

        <record id="employee_purchase_emi_reduction" model="hr.payslip.input.type">
            <field name="name">PEEMI</field>
            <field name="code">PEEMI</field>
            <field name="country_id" eval="False"/>
        </record>


    </data>

</odoo>