<odoo>
      <record id="hr_advance_salary_rule" model="hr.salary.rule">
        <field name="name">Advance Salary</field>
        <field name="sequence" eval="10"/>
        <field name="code">ADV100</field>
        <field name="category_id" ref="hr_payroll.DED"/>
        <field name="condition_select">none</field>
        <field name="amount_select">code</field>
        <field name="amount_python_compute"><![CDATA[
result = -inputs.get('ADV100', {'amount': 0})['amount']
    ]]></field>
        <field name="struct_id" ref="hr_payroll.structure_002"/>
    </record>

    <record id="advance_s_rl" model="hr.payslip.input.type">
        <field name="name">ADV100</field>
        <field name="code">ADV100</field>
        <field name="country_id" eval="False"/>
    </record>

      <record id="hr_advance_salary_rule_dubai" model="hr.salary.rule">
        <field name="name">Advance Salary</field>
        <field name="sequence" eval="10"/>
        <field name="code">ADV100</field>
        <field name="category_id" ref="hr_payroll.DED"/>
        <field name="condition_select">none</field>
        <field name="amount_select">code</field>
        <field name="amount_python_compute"><![CDATA[
result = -inputs.get('ADV100', {'amount': 0})['amount']
    ]]></field>
        <field name="struct_id" ref="l10n_ae_hr_payroll.uae_employee_payroll_structure"/>
    </record>

    <record id="advance_s_rl" model="hr.payslip.input.type">
        <field name="name">ADV100</field>
        <field name="code">ADV100</field>
        <field name="country_id" eval="False"/>
    </record>

      <record id="hr_advance_salary_rule_kenya" model="hr.salary.rule">
        <field name="name">Advance Salary</field>
        <field name="sequence" eval="10"/>
        <field name="code">ADV100</field>
        <field name="category_id" ref="hr_payroll.DED"/>
        <field name="condition_select">none</field>
        <field name="amount_select">code</field>
        <field name="amount_python_compute"><![CDATA[
result = -inputs.get('ADV100', {'amount': 0})['amount']
    ]]></field>
        <field name="struct_id" ref="bi_kenya_salary_tax.kenya_paye_salary_structure"/>
    </record>

    <record id="advance_s_rl" model="hr.payslip.input.type">
        <field name="name">ADV100</field>
        <field name="code">ADV100</field>
        <field name="country_id" eval="False"/>
    </record>
</odoo>