<?xml version="1.0" encoding="UTF-8"?>
<templates id="template" xml:space="preserve">
    <t t-name="PartnerDetailsEdit" t-inherit="point_of_sale.PartnerDetailsEdit" t-inherit-mode="extension">
        <xpath expr="//div[hasclass('partner-details-box')]/div[2]" position="replace">
            <div class="partner-detail col">
                <label class="form-label label" for="country">Country</label>
                <select
                    class="detail form-select"
                    id="country"
                    name="country_id"
                    t-model="changes.country_id"
                    t-att="{'disabled': isFieldCommercialAndPartnerIsChild('country_id')}"
                    t-att-class="{'border-danger': missingFields.includes('country_id')}"
                    t-on-change="onCountryChange"
                >
                    <option value="">None</option>
                    <t t-foreach="pos.countries" t-as="country" t-key="country.id">
                        <option t-att-value="country.id">
                            <t t-esc="country.name" />
                        </option>
                    </t>
                </select>
            </div>
        </xpath>
    </t>
</templates>
