<?xml version="1.0" encoding="UTF-8"?>
<templates id="template" xml:space="preserve">
    <t t-inherit="point_of_sale.CashMovePopup" t-inherit-mode="extension">
        <xpath expr="//div[hasclass('form-floating')]" position="before">
            <div class="account-account-detail col" t-if="state.type == 'out'">
                <label class="form-label label" for="state">Expense Account</label>
                <select class="detail form-select" id="account_account_id" name="account_id"
                        t-model="state.account_account">
                    <option value="">None</option>
                    <t t-foreach="pos.account_account" t-as="account" t-key="account.id">
                        <option t-att-value="account.id">
                            <t t-esc="account.code"/>
                            -
                            <t t-esc="account.name"/>
                        </option>
                    </t>
                </select>
            </div>
        </xpath>
    </t>
</templates>
