<?xml version="1.0" encoding="UTF-8" ?>
<templates xml:space="preserve">
    <t t-inherit="mail.ActivityMenuView" t-inherit-mode="extension">
        <xpath expr="//t[@t-foreach='activityMenuView.activityGroupViews']" position="replace">
            <t t-foreach="activityMenuView.activityGroupViews" t-as="activityGroupView" t-key="activityGroupView.localId" name="activityGroupLoop">
                <div class="o_ActivityMenuView_activityGroup" t-att-data-res_model="activityGroupView.activityGroup.irModel.model" t-att-data-model_name="activityGroupView.activityGroup.irModel.name" t-att-data-domain="activityGroupView.activityGroup.domain" data-filter='my' t-att-data-activity-group-view-local-id="activityGroupView.localId" >
                    <t t-log="activityGroupView.activityGroup"/>
                    <div class="activity-box d-flex flex-shrink-0 align-items-center p-1 cursor-pointer">
                        <ul class="activity-list">
                            <t t-foreach="activityGroupView.activityGroup.display_name" t-as="activity" t-key="activity_index">
                                <li class="activity-item" t-on-click="activityGroupView.onClickFilterButton" t-att-data-res_model="activityGroupView.activityGroup.irModel.model" t-att-data-model_name="activityGroupView.activityGroup.irModel.name">
                                    <img t-att-src="activityGroupView.activityGroup.irModel.iconUrl" alt="Activity" style="width:40px"/>
                                    <span style="font-size:0px;"><t t-esc="activity"/></span> <t t-esc="activity[0]"/>
                                   
                                </li>
                            </t>
                        </ul>
                    </div>
                    <div class="o_ActivityMenuView_activityGroupInfo">
                        <div class="o_ActivityMenuView_activityGroupTitle">
                        </div>
                    </div>
                </div>
            </t>
        </xpath>
    </t>
</templates>
