id,name,model_id:id,group_id:id,perm_read,perm_write,perm_create,perm_unlink
access_petty_cash_imbursement_user,bi_petty_cash.petty.cash.imbursement,model_petty_cash_imbursement,account.group_account_manager,1,1,1,1
access_petty_cash_expenses_user,bi_petty_cash.petty.cash.expenses,model_petty_cash_expenses,account.group_account_manager,1,1,1,1
access_petty_cash_expenses_line_user,bi_petty_cash.petty.cash.expenses.line,model_petty_cash_expenses_line,base.group_user,1,1,1,1
access_petty_cash_transfer_user,bi_petty_cash.petty.cash.transfer,model_petty_cash_transfer,base.group_user,1,1,1,1
access_petty_cash_imbursement_account_manager,bi_petty_cash.petty.cash.imbursement.account.manager,bi_petty_cash.model_petty_cash_imbursement,account.group_account_user,1,1,0,0
access_petty_cash_imbursement_auditor,bi_petty_cash.petty.cash.imbursement.auditor,bi_petty_cash.model_petty_cash_imbursement,account.group_account_readonly,1,1,0,0
access_petty_cash_expenses_business_head,bi_petty_cash.petty.cash.expenses.business.head,model_petty_cash_expenses,bi_petty_cash.group_business_head,1,1,0,0
access_petty_cash_expenses_account_manager,bi_petty_cash.petty.cash.expenses.account.manager,model_petty_cash_expenses,account.group_account_user,1,1,0,0
access_petty_cash_expenses_auditor,bi_petty_cash.petty.cash.expenses.auditor,model_petty_cash_expenses,account.group_account_readonly,1,1,0,0

