<odoo>

    <record model="ir.module.category" id="business_head_category">
        <field name="name">Business Head</field>
        <field name="sequence">4</field>
    </record>

    <record id="group_business_head" model="res.groups">
        <field name="name">Business Head</field>
        <field name="category_id" ref="bi_petty_cash.business_head_category"/>
    </record>

    <record id="petty_cash_imbursement_comp_rule" model="ir.rule">
        <field name="name">Petty Cash Imbursement multi-company</field>
        <field name="model_id" ref="model_petty_cash_imbursement"/>
        <field name="domain_force">['|',('company_id','=',False),('company_id', 'in', company_ids)]</field>
    </record>

    <record id="petty_cash_expense_comp_rule" model="ir.rule">
        <field name="name">Petty Cash Expenses multi-company</field>
        <field name="model_id" ref="model_petty_cash_expenses"/>
        <field name="domain_force">['|',('company_id','=',False),('company_id', 'in', company_ids)]</field>
    </record>

    <record id="petty_cash_transfer_comp_rule" model="ir.rule">
        <field name="name">Petty Cash Transfer multi-company</field>
        <field name="model_id" ref="model_petty_cash_transfer"/>
        <field name="domain_force">['|',('company_id','=',False),('company_id', 'in', company_ids)]</field>
    </record>
    <record model="ir.module.category" id="business_head_category">
        <field name="name">Petty Cash Security</field>
        <field name="sequence">5</field>
    </record>

    <record id="account_manager_security" model="res.groups">
        <field name="name">Account Manager</field>
        <field name="category_id" ref="bi_petty_cash.business_head_category"/>
    </record>
    <record id="audit_security" model="res.groups">
        <field name="name">Audit Manager</field>
        <field name="category_id" ref="bi_petty_cash.business_head_category"/>
    </record>
    
    
</odoo>
