<odoo>
    <record model="ir.rule" id="tgr_company_rule">
        <field name="name">BOM multi-company</field>
        <field name="model_id" ref="model_bill_material"/>
        <field name="domain_force">[('company_id', 'in', company_ids)]</field>
    </record>
    <record model="ir.rule" id="kit_assembly_company_rule">
        <field name="name">Kit assembly multi-company</field>
        <field name="model_id" ref="model_kit_assembly"/>
        <field name="domain_force">[('company_id', 'in', company_ids)]</field>
    </record>
</odoo>
