<?xml version="1.0" encoding="utf-8"?>
<odoo>
    <data noupdate="1">

        <record id="loan_company_id_rule" model="ir.rule">
            <field name="name">company_id can only see their own records</field>
            <field name="model_id" ref="model_request_loan"/>
            <field name="domain_force">['|', ('company_id', '=', False), ('company_id', 'in', company_ids)]</field>
        </record>

        <record id="group_loan_advance_payment" model="res.groups">
            <field name="name">Loan And Advance Payment</field>
        </record>

    </data>
</odoo>
