<?xml version="1.0" encoding="UTF-8"?>
<templates id="template" xml:space="preserve">
    <t t-inherit="point_of_sale.PartnerListScreen" t-inherit-mode="extension">
        <xpath expr="//tbody[hasclass('partner-list-contents')]" position="replace">
            <tbody class="partner-list-contents">
                <t t-foreach="partners" t-as="partner" t-key="partner.id">
                    <PartnerLine t-if="partner.customer_rank > 0" 
                        partner="partner"
                        selectedPartner="state.selectedPartner"
                        detailIsShown="state.detailIsShown"
                        isBalanceDisplayed="isBalanceDisplayed"
                        onClickEdit.bind="editPartner"
                        onClickPartner.bind="clickPartner"
                    />
                </t>
            </tbody>
        </xpath>
    </t>
 </templates>

