<odoo>
    <t t-name="program_dashboard.program_dash_template">
        <div class="org-chart-vertical">
            <div class="dashboard-search-container"
                style="display: flex; align-items: center; justify-content: flex-start; padding: 10px; margin-left: 20px; margin-right: 20px;">
                <!-- Search Box -->
                <div style="display: flex; align-items: center; margin-right: 20px; padding-left: 350px;" class="o_searchview_input_container">
                    <input type="text" placeholder="Search..." class="dashboard-search-input o_form_field"
                        style="padding: 8px 10px; margin-right: 10px; border: 1px solid #e0e0e0; border-radius: 4px; width: 250px; font-size: 14px;" />
                    <button type="button" class="dashboard-search-button o_button"
                        style="padding: 8px 12px; border: 1px solid #e0e0e0; background-color: #f4f6f9; border-radius: 4px; cursor: pointer; font-size: 14px; color: #5e6c74;">
                        <i class="fa fa-search"></i>
                    </button>
                </div>

                <!-- Favorites Dropdown -->
                <div style="display: flex; align-items: center; margin-right: 20px;">
                    <button type="button" class="dashboard-save-favorite-button o_button"
                        style="padding: 8px 12px; border: 1px solid #e0e0e0; background-color: #f4f6f9; border-radius: 4px; cursor: pointer; font-size: 14px; color: #5e6c74;">
                        Save as Favorite
                    </button>
                    <select class="dashboard-favorites-dropdown o_form_field"
                        style="padding: 8px 10px; margin-left: 10px; border: 1px solid #e0e0e0; border-radius: 4px; font-size: 14px; width: 200px;">
                        <option value="" selected="selected">Select Favorite</option>
                        <t t-foreach="widget.favorites or []" t-as="favorite">
                            <option t-att-value="favorite.id"><t t-esc="favorite.name" /></option>
                        </t>
                    </select>
                </div>
            </div>

            <!-- Render the hierarchy -->
            <div class="program-nodes-container" style="margin-left: 100px;" >
                <t t-foreach="widget.program_data or []" t-as="node">
                    <t t-call="program_dashboard.render_node">
                        <t t-set="node_data" t-value="node" />
                    </t>
                </t>
            </div>
        </div>
    </t>

    <t t-name="program_dashboard.render_node">
    <t t-log="node_data"/>
        <div class="node-container" style="margin-left: 30px; margin-top: 20px;">
            <div t-att-class="'node ' + (node_data['type'] == 'program' and 'program' or (node_data['type'] == 'project' and 'project') or 'task')"
                t-att-data-id="node_data['id']">
                <span class="node-title">
                    <t t-esc="node_data['name']" />
                </span>
            </div>

            <!-- Render Children -->
            <div class="node-children-container" style="margin-left: 35px; margin-top: -1px;">
                <t t-foreach="node_data['children'] or []" t-as="child_node" t-foreach-index="index">
                    <div t-att-class="'parent-class ' + (index == (node_data['children'] | length) - 1 and 'last-child' or '')">
                        <div style="margin-left: 30px;">
                            <div class="node-value"></div>
                            <t t-call="program_dashboard.render_node">
                                <t t-set="node_data" t-value="child_node" />
                            </t>
                        </div>
                    </div>
                </t>
            </div>
        </div>
    </t>

</odoo>
