<odoo>
    <t t-name="program_dashboard.project_detail_table">
        <div class="table-container">
            <!-- Table header: project name on the left, metric button on the right -->
            <div class="table-header">
                <span class="project-name"><t t-esc="project.program_number"/>: <t t-esc="project.name"/></span>
                <button type="button" class="metric-button fetch-metric-button" t-att-data-project-id="project.id">Metric</button>
            </div>
            <table class="table table-striped">
                <tbody>
                    <tr>
                        <th>Owner</th>
                        <td><t t-esc="project.owner_id"/></td>
                    </tr>
                    <tr>
                        <th>Planned Start Date</th>
                        <td><t t-esc="project.planned_start_date" /></td>
                    </tr>
                    <tr>
                        <th>Planned End Date</th>
                        <td><t t-esc="project.planned_end_date" /></td>
                    </tr>
                    <tr>
                        <th>Actual Start Date</th>
                        <td><t t-esc="project.actual_start_date" /></td>
                    </tr>
                    <tr>
                        <th>Actual End Date</th>
                        <td><t t-esc="project.actual_end_date" /></td>
                    </tr>
                    <tr>
                        <th>Department</th>
                        <td><t t-esc="project.department_id" /></td>
                    </tr>
                    <tr>
                        <th>Category</th>
                        <td><t t-esc="project.category_id" /></td>
                    </tr>
                    <tr>
                        <th>Type</th>
                        <td><t t-esc="project.pgm_type_id" /></td>
                    </tr>
                    <tr>
                        <th>Priority</th>
                        <td><t t-esc="project.priority" /></td>
                    </tr>
                    <tr>
                        <th>Budget Amount</th>
                        <td><t t-esc="project.budget_amount" /></td>
                    </tr>
                    <tr>
                        <th>Actual Expense</th>
                        <td><t t-esc="project.actual_amount" /></td>
                    </tr>
                    <tr>
                        <th>Variance</th>
                        <td><t t-esc="project.variance" /></td>
                    </tr>
                    <tr>
                        <th>Variance %</th>
                        <td><t t-esc="project.variance_percentage" /></td>
                    </tr>
                </tbody>
            </table>
        </div>
    </t>

    <t t-name="program_dashboard.metric_detail_table">
        <div class="table-container">
            <table class="table table-bordered table-striped">
                <thead>
                    <tr>
                        <th>Name</th>
                        <th>UOM</th>
                        <th>Target</th>
                        <th>Latest Value</th>
                    </tr>
                </thead>
                <tbody>
                    <t t-foreach="metrics" t-as="metric">
                        <tr>
                            <td>
                                <span class="metric-name" t-att-data-id="metric.id" t-on-click="Show_metric_popup">
                                    <t t-esc="metric.name"/>
                                </span>
                            </td>
                            <td></td> <!-- Assuming uom_id is a related field -->
                            <td><t t-esc="metric.target"/></td>
                            <td><t t-esc="metric.latest_value"/></td>
                        </tr>
                    </t>
                </tbody>
            </table>
        </div>
    </t>
    <t t-name="program_dashboard.metric_popup">
        <div class="table-container metric-popup">
            <div class="table-header">
                <span class="project-name"><t t-esc="metric.name"/></span>
                <button type="button" class="sub-metric-button fetch-sub-metric-button" t-att-data-project-id="metric.id">Sub Metric</button>
            </div>
                <!-- Flex container for two side-by-side tables -->
                <div class="metric-details-container">
                    
                    <!-- Left Table: Latest Value to Task -->
                    <table class="table table-bordered metric-details-table">
                        <tbody>
                            <tr class="metric-detail">
                                <td><strong>Latest Value</strong></td>
                                <td><span><t t-esc="metric.latest_value"/></span></td>
                            </tr>
                            <tr class="metric-detail">
                                <td><strong>Application Form</strong></td>
                                <td><span><t t-esc="metric.applicable_from"/></span></td>
                            </tr>
                            <tr class="metric-detail">
                                <td><strong>Target Value</strong></td>
                                <td><span><t t-esc="metric.target"/></span></td>
                            </tr>
                            <tr class="metric-detail">
                                <td><strong>Program</strong></td>
                                <td><span><t t-esc="metric.parent_program_id"/></span></td>
                            </tr>
                            <tr class="metric-detail">
                                <td><strong>Project</strong></td>
                                <td><span><t t-esc="metric.parent_project_id"/></span></td>
                            </tr>
                                               
                        </tbody>
                    </table>
    
                    <!-- Right Table: UoM to Target Date -->
                    <table class="table table-bordered metric-details-table">
                        <tbody>
                            <tr class="metric-detail">
                                <td><strong>Task</strong></td>
                                <td><span><t t-esc="metric.parent_task_id"/></span></td>
                            </tr>   
                            <tr class="metric-detail">
                                <td><strong>UoM</strong></td>
                                <td><span><t t-esc="metric.target"/></span></td>
                            </tr>
                            <tr class="metric-detail">
                                <td><strong>Applicable To</strong></td>
                                <td><span><t t-esc="metric.applicable_to"/></span></td>
                            </tr>
                            <tr class="metric-detail">
                                <td><strong>Target Date</strong></td>
                                <td><span><t t-esc="metric.target_date"/></span></td>
                            </tr>
                        </tbody>
                    </table>
                </div>
    
            <!-- Metric Period Table -->
            <table class="table table-bordered table-striped metric-period-table">
                <thead>
                    <tr>
                        <th>Period Name</th>
                        <th>From</th>
                        <th>To</th>
                        <th>Target</th>
                        <th>Actual</th>
                    </tr>
                </thead>
                <tbody>
                    <tr t-foreach="metric_lines" t-as="period">
                        <td><t t-esc="period.period_name"/></td>
                        <td><t t-esc="period.from_date"/></td>
                        <td><t t-esc="period.to_date"/></td>
                        <td><t t-esc="period.periodic_target"/></td>
                        <td><t t-esc="period.value"/></td>
                    </tr>
                </tbody>
            </table>
        </div>
    </t>
    <t t-name="program_dashboard.project_detail_table_value">
        <div class="table-container">
            <!-- Table header: project name on the left, metric button on the right -->
            <div class="table-header">
                <t t-log="number"/>
                <span class="project-name"><t t-esc="project.number"/>: <t t-esc="project.name"/></span>
                <button type="button" class="metric-button fetch-metric-button" t-att-data-project-id="project.id">Metric</button>
            </div>
            <table class="table table-striped">
                <tbody>
                    <tr>
                        <th>Owner</th>
                        <td><t t-esc="project.owner_id"/></td>
                    </tr>
                    <tr>
                        <th>Planned Start Date</th>
                        <td><t t-esc="project.planned_start_date" /></td>
                    </tr>
                    <tr>
                        <th>Planned End Date</th>
                        <td><t t-esc="project.planned_end_date" /></td>
                    </tr>
                    <tr>
                        <th>Actual Start Date</th>
                        <td><t t-esc="project.actual_start_date" /></td>
                    </tr>
                    <tr>
                        <th>Actual End Date</th>
                        <td><t t-esc="project.actual_end_date" /></td>
                    </tr>
                    <tr>
                        <th>Department</th>
                        <td><t t-esc="project.department_id" /></td>
                    </tr>
                    <tr>
                        <th>Category</th>
                        <td><t t-esc="project.category_id" /></td>
                    </tr>
                    <tr>
                        <th>Type</th>
                        <td><t t-esc="project.prj_type_id" /></td>
                    </tr>
                    <tr>
                        <th>Priority</th>
                        <td><t t-esc="project.priority" /></td>
                    </tr>
                    <tr>
                        <th>% Complete</th>
                        <td><t t-esc="project.complete" /></td>
                    </tr>
                    <tr>
                        <th>Total Effort in Hours</th>
                        <td><t t-esc="project.total_effort" /></td>
                    </tr>
                    <tr>
                        <th>Budget Amount</th>
                        <td><t t-esc="project.budget_amount" /></td>
                    </tr>
                    <tr>
                        <th>Actual Expense</th>
                        <td><t t-esc="project.actual_amount" /></td>
                    </tr>
                    <tr>
                        <th>Variance</th>
                        <td><t t-esc="project.variance" /></td>
                    </tr>
                    <tr>
                        <th>Variance %</th>
                        <td><t t-esc="project.variance_percentage" /></td>
                    </tr>
                </tbody>
            </table>
        </div>
    </t>

    <t t-name="program_dashboard.project_task_details_value">
        <div class="table-container">
            <!-- Table header: project name on the left, metric button on the right -->
            <div class="table-header">
                <t t-log="number"/>
                <span class="project-name">
                    <t t-if="project.number">
                        <t t-esc="project.number"/>: <t t-esc="project.name"/>
                    </t>
                    <t t-else="project.task_number">
                        <t t-esc="project.task_number"/>: <t t-esc="project.name"/>
                    </t>
                </span>
                <button type="button" class="metric-button fetch-metric-button" t-att-data-project-id="project.id">Metric</button>
            </div>
            <table class="table table-striped">
                <tbody>
                    <tr>
                        <th>Owner</th>
                        <td><t t-esc="project.owner_id"/></td>
                    </tr>
                    <tr>
                        <th>Planned Start Date</th>
                        <td><t t-esc="project.planned_start_date" /></td>
                    </tr>
                    <tr>
                        <th>Planned End Date</th>
                        <td><t t-esc="project.planned_end_date" /></td>
                    </tr>
                    <tr>
                        <th>Actual Start Date</th>
                        <td><t t-esc="project.actual_start_date" /></td>
                    </tr>
                    <tr>
                        <th>Actual End Date</th>
                        <td><t t-esc="project.actual_end_date" /></td>
                    </tr>
                    <tr>
                        <th>Department</th>
                        <td><t t-esc="project.department_id" /></td>
                    </tr>
                    <tr>
                        <th>Category</th>
                        <td><t t-esc="project.task_category_id" /></td>
                    </tr>
                    <tr>
                        <th>Type</th>
                        <td><t t-esc="project.type" /></td>
                    </tr>
                    <tr>
                        <th>Priority</th>
                        <td><t t-esc="project.task_priority" /></td>
                    </tr>
                    <tr>
                        <th>% Complete</th>
                        <td><t t-esc="project.complete_percentage" /></td>
                    </tr>
                    <tr>
                        <th>Total Effort in Hours</th>
                        <td><t t-esc="project.total_effort" /></td>
                    </tr>
                    <tr>
                        <th>Budget Amount</th>
                        <td><t t-esc="project.budget_amount" /></td>
                    </tr>
                    <tr>
                        <th>Actual Expense</th>
                        <td><t t-esc="project.actual_amount" /></td>
                    </tr>
                    <tr>
                        <th>Variance</th>
                        <td><t t-esc="project.variance" /></td>
                    </tr>
                    <tr>
                        <th>Variance %</th>
                        <td><t t-esc="project.variance_percentage" /></td>
                    </tr>
                </tbody>
            </table>
        </div>
    </t>
</odoo>
