<?xml version="1.0" encoding="UTF-8" ?>
<odoo>
    <data>
        <!-- Brand Menu Item -->
        <record id="menu_brand" model="website.menu">
            <field name="name">Brand</field>
            <field name="url">/brand</field>
            <field name="parent_id" ref="website.main_menu"/>
            <field name="sequence" type="int">40</field>
        </record>
        <record id="action_open_website" model="ir.actions.act_url">
            <field name="name">Website Brand</field>
            <field name="target">self</field>
            <field name="url">/brand</field>
        </record>
        <record id="base.open_menu" model="ir.actions.todo">
            <field name="action_id" ref="action_open_website"/>
            <field name="state">open</field>
        </record>

        <!-- Category Menu Item -->
        <record id="menu_category" model="website.menu">
            <field name="name">Category</field>
            <field name="url">/category</field>
            <field name="parent_id" ref="website.main_menu"/>
            <field name="sequence">50</field>
        </record>
        <record id="action_open_website" model="ir.actions.act_url">
            <field name="name">Website Category</field>
            <field name="target">self</field>
            <field name="url">/category</field>
        </record>
        <record id="base.open_menu" model="ir.actions.todo">
            <field name="action_id" ref="action_open_website"/>
            <field name="state">open</field>
        </record>

        <!-- Products by Brand Template -->
        <template id="template_brand_filter" name="Brand Filter">
            <t t-call="website.layout">
                <div class="container mt-5">
                    <h3>Products by Brand</h3>

                    <!-- Dropdown for Brands -->
                    <div class="dropdown mb-4">
                        <button class="btn btn-secondary dropdown-toggle" type="button" id="dropdownBrandMenuButton"
                                data-bs-toggle="dropdown" aria-haspopup="true" aria-expanded="false">
                            Select Brand
                        </button>
                        <div class="dropdown-menu" aria-labelledby="dropdownBrandMenuButton">
                            <t t-foreach="brands" t-as="brand">
                                <a class="dropdown-item" t-att-href="'/brand/%s' % brand.id">
                                    <t t-esc="brand.name"/>
                                </a>
                            </t>
                        </div>
                    </div>

                    <!-- Product Tiles -->
                    <div class="row">
                        <t t-foreach="products" t-as="product">
                            <div class="col-md-3 mb-4">
                                <div class="card h-100">
                                    <!-- Corrected Image URL -->
                                    <img class="card-img-top"
                                        t-att-src="'/web/image/product.template/%s/image_1920' % product.id"
                                        alt="Product Image"/>
                                    <div class="card-body d-flex flex-column">
                                        <h5 class="card-title">
                                            <a t-att-href="'/shop/product/%s' % product.id">
                                                <t t-esc="product.name"/>
                                            </a>
                                        </h5>
                                        <p class="card-text">
                                            <span t-field="product.list_price"
                                                t-options="{'widget': 'monetary', 'display_currency': request.website.currency_id}"/>
                                        </p>
                                        <a t-att-href="'/shop/product/%s' % product.id" class="btn btn-primary mt-auto">View Details</a>
                                    </div>
                                </div>
                            </div>
                        </t>
                    </div>
                </div>
            </t>
        </template>
        

        <!-- Products by Category Template -->
        <template id="template_category_filter" name="Category Filter">
            <t t-call="website.layout">
                <div class="container mt-5">
                    <h3>Products by Category</h3>

                    <!-- Dropdown for Categories -->
                    <div class="dropdown mb-4">
                        <button class="btn btn-secondary dropdown-toggle" type="button" id="dropdownCategoryMenuButton"
                                data-bs-toggle="dropdown" aria-haspopup="true" aria-expanded="false">
                            Select Category
                        </button>
                        <div class="dropdown-menu" aria-labelledby="dropdownCategoryMenuButton">
                            <t t-foreach="categories" t-as="category">
                                <a class="dropdown-item" t-att-href="'/category/%s' % category.id">
                                    <t t-esc="category.name"/>
                                </a>
                            </t>
                        </div>
                    </div>

                    <!-- Product Tiles -->
                    <div class="row">
                        <t t-foreach="products" t-as="product">
                            <div class="col-md-3 mb-4">
                                <div class="card h-100">
                                    <!-- Corrected Image URL -->
                                    <img class="card-img-top"
                                        t-att-src="'/web/image/product.template/%s/image_1920' % product.id"
                                        alt="Product Image"/>
                                    <div class="card-body d-flex flex-column">
                                        <h5 class="card-title">
                                            <a t-att-href="'/shop/product/%s' % product.id">
                                                <t t-esc="product.name"/>
                                            </a>
                                        </h5>
                                        <p class="card-text">
                                            <span t-field="product.list_price"
                                                t-options="{'widget': 'monetary', 'display_currency': request.website.currency_id}"/>
                                        </p>
                                        <a t-att-href="'/shop/product/%s' % product.id" class="btn btn-primary mt-auto">View Details</a>
                                    </div>
                                </div>
                            </div>
                        </t>
                    </div>
                </div>
            </t>
        </template>


    </data>
</odoo>
