<odoo>
    <data>
        <record model="crm.stage" id="crm.stage_lead2">
            <field name="name">Meetings Scheduled</field>
            <field name="sequence">2</field>
        </record>
        <record model="crm.stage" id="crm.stage_lead3">
            <field name="name">Design</field>
            <field name="sequence">3</field>
        </record>
        <record model="crm.stage" id="stage_lead9">
            <field name="name">Furniture</field>
            <field name="sequence">4</field>
        </record>
          <!-- <record model="crm.stage" id="stage_lead10">
            <field name="name">3D</field>
            <field name="sequence">5</field>
        </record>
        <record model="crm.stage" id="stage_lead11">
            <field name="name">Architecture Work</field>
            <field name="sequence">6</field>
        </record>
        <record model="crm.stage" id="stage_lead12">
            <field name="name">Joinery Work</field>
            <field name="sequence">7</field>
        </record> -->
        <record model="crm.stage" id="stage_lead6">
            <field name="name">Submit to Client</field>
            <field name="sequence">8</field>
        </record>
        <record model="crm.stage" id="crm.stage_lead4">
            <field name="name">Estimation</field>
            <field name="fold" eval="False"/>
            <field name="is_won">True</field>
            <field name="sequence">70</field>
        </record>
        <record model="crm.stage" id="lead_stage_approval">
            <field name="name">Submit for Approval</field>
            <field name="fold" eval="False"/>
            <field name="is_won">True</field>
            <field name="sequence">71</field>
        </record>
        <record model="crm.stage" id="stage_lead5">
            <field name="name">Job Card Issue</field>
            <field name="sequence">72</field>
        </record>
        <record model="crm.stage" id="stage_lead7">
            <field name="name">Hold</field>
            <field name="sequence">73</field>
        </record>
        <record model="crm.stage" id="stage_lead8">
            <field name="name">Lost</field>
            <field name="sequence">74</field>
        </record>
    </data>
</odoo>