<odoo>
    <data>
        <record id="mail_template_crm" model="mail.template">
            <field name="name">crm email template</field>
            <field name="subject"></field>
            <field name="model_id" ref="crm.model_crm_lead"></field>
            <field name="email_from"></field>
            <field name="email_to"></field>
            <field name="auto_delete" eval="True"/>
            <field name="body_html" type="html">
                <div>dfh</div>
            </field>
        </record>
    </data>
</odoo>
