<odoo>
    <data>
        <record id="action_remember_designr_dead_line" model="ir.cron">
            <field name="name">Designers Remembering Dead Line Notification</field>
            <field name="model_id" ref="bi_crm_stage.model_crm_lead"/>
            <field name="type">ir.actions.server</field>
            <field name="state">code</field>
            <field name="code">model.action_dead_line_notify()</field>
            <field name="interval_number">1</field>
            <field name="interval_type">days</field>
            <field name="numbercall">-1</field>
            <field name="priority">1</field>
          </record>
    </data>
</odoo>