<?xml version="1.0" encoding="utf-8"?>
<odoo noupdate="1">

    <record id="payment_method_waafipay" model="account.payment.method">
        <field name="name">Waafipay</field>
        <field name="code">waafipay</field>
        <field name="payment_type">inbound</field>
    </record>

    <record id="payment_method_waafipay_method" model="payment.method">
        <field name="name">Waafipay</field>
        <field name="code">waafipay</field>
        <field name="sequence">10</field>
        <field name="active">False</field>
        <field name="image" type="base64" file="payment_waafipay/static/img/images.png"/>
        <field name="support_tokenization">True</field>
        <field name="support_express_checkout">False</field>
        <field name="support_refund"></field>
    </record>

    <record id="payment_acquirer_waafipay" model="payment.provider">
        <field name="name">Waafipay</field>
        <field name="image_128" type="base64" file="payment_waafipay/static/img/images.png"/>
        <field name="code">waafipay</field>
        <field name="redirect_form_view_id" ref="payment_waafipay.waafipay_redirect_form"/>
        <field name="support_tokenization">False</field>
        <field name="support_tokenization">False</field>
        <field name="payment_method_ids"
               eval="[Command.set([
                         ref('payment_waafipay.payment_method_waafipay_method'),
                     ])]"
        />
    </record>

</odoo>
