<?xml version="1.0" encoding="UTF-8"?>
<templates xml:space="preserve">
    <t t-inherit="stock_barcode.LineComponent" t-inherit-mode="extension">
        <xpath expr="//div[@class='o_line_buttons']/span" position="replace">
            <span t-attf-class="{{env.model.incrementButtonsDisplayStyle}}">
                <t t-if="env.model.groups.group_supervisior and env.model.record.picking_type_code == 'incoming'">
                        <t t-if="props.line.is_barcode_value">
                            <t t-log="props"/>
                            <button t-if="env.model.getDisplayDecrementBtn(line)" name="decrementButton" t-on-click="addQuantity(-1)"
                                class="o_line_button o_remove_unit btn btn-primary ml-2 ml-sm-4"
                                t-attf-disabled="{{qtyDone &lt;= 0 || qtyDone == '?'}}">-1</button>
                            <button t-if="env.model.getDisplayIncrementBtn(line)" name="incrementButton"
                                t-on-click="addQuantity(incrementQty)" t-esc="'+' + incrementQty"
                                class="o_line_button o_add_quantity btn btn-primary ml-2 ml-sm-4"/>
                        </t>
                        <t t-else="">
                            <t t-if="qtyDone != 0 || props.line.lot_name">
                                <button t-if="env.model.getDisplayDecrementBtn(line)" name="decrementButton" t-on-click="addQuantity(-1)"
                                    class="o_line_button o_remove_unit btn btn-primary ml-2 ml-sm-4"
                                    t-attf-disabled="{{qtyDone &lt;= 0 || qtyDone == '?'}}">-1</button>
                                <button t-if="env.model.getDisplayIncrementBtn(line)" name="incrementButton"
                                    t-on-click="addQuantity(incrementQty)" t-esc="'+' + incrementQty"
                                    class="o_line_button o_add_quantity btn btn-primary ml-2 ml-sm-4"/>
                                
                            </t>
                        </t>
                </t>
                <t t-else="">
                    <button t-if="line.product_uom_qty == 0 or line.qty_done > line.product_uom_qty" name="decrementButton"
                        t-on-click="addQuantity(-1)"
                        class="o_line_button o_remove_unit btn btn-primary ml-2 ml-sm-4"
                        t-attf-disabled="{{qtyDone &lt;= 0 || qtyDone == '?'}}">-1</button>
                </t>
                </span>
        </xpath>
        <xpath expr="//div[@class='o_line_buttons']/button[1]" position="replace">
            <t t-if="env.model.groups.group_supervisior and env.model.record.picking_type_code == 'incoming'">
                <t t-if="props.line.is_barcode_value">
                    <button t-on-click="edit" class="o_line_button o_edit btn btn-secondary ml-2 ml-sm-4">
                        <i class="fa fa-2x fa-pencil"/>
                    </button>
                </t>
                <t t-else="">
                    <t t-if="qtyDone != 0 || props.line.lot_name ">
                        <button t-on-click="edit" class="o_line_button o_edit btn btn-secondary ml-2 ml-sm-4">
                            <i class="fa fa-2x fa-pencil"/>
                        </button>
                        
                    </t>
                </t>
            </t>
        </xpath>
    </t>
</templates>