<?xml version="1.0" encoding="UTF-8"?>
<templates id="template" xml:space="preserve">

    <t t-name="bi_pos_password_popup.PasswordInputPopup">
            <div class="popup popup-textinput">
                <div class="modal-header">
                    <h4 class="modal-title"><t t-esc="props.title" /></h4>
                </div>
                <div class="modal-body">
                    <input class="form-control form-control-lg w-75 mx-auto" type="password" t-model="state.inputValue" t-ref="input" t-att-placeholder="props.placeholder"/>
                </div>
                <div class="footer footer-flex modal-footer">
                    <div class="button confirm highlight btn btn-lg btn-primary" t-on-click="confirm">
                        <t t-esc="props.confirmText" />
                    </div>
                    <div class="button cancel btn btn-lg btn-secondary" t-on-click="cancel">
                        <t t-esc="props.cancelText" />
                    </div>
                </div>
            </div>
    </t>

</templates>