<?xml version="1.0" encoding="UTF-8"?>
<!-- Inventory Dashboard template -->
<templates id="inventory_dashboard_template" xml:space="preserve">
	<t t-name="Dashboard" owl="1">
		<div class="oh_dashboards" t-ref="root" style="height:100%; overflow-y: scroll; overflow-x: hidden;">
			<!-- Graphs -->
			<div class="row mt-4 px-4" id="graphs" style="padding-bottom:30px;">
				<!-- Out of stock graph -->
				<div class="year_to_date_graph_div col-sm-12 col-md-6 my-4" id="out_of_stock" style="display: none;">
					<div class="chart-container card-shadow" id="tiles">
						<div style="height: 20px; max-height: 20px;">
							<h2>Out of Stock Products</h2>
							<button class="btn_info" id="out_of_stock_info" title="Show Details" t-on-click="onclick_out_of_stock_info">
								<i class="fa fa-ellipsis-v"/>
							</button>
							<table class="graph_details_table" id="out_of_stock_table">
								<tr>
									<th>Products</th>
									<th>Out of Quantity</th>
								</tr>
								<t t-foreach="state.out_stock" t-as="name" t-key="name_index">
									<tr>
										<td><t t-out="name"/></td>
										<td><t t-esc="state.out_stock_count[name_index]"/></td>
									</tr>
	                    		</t>
							</table>
						</div><hr/>
						<div class="graph_canvas" style="margin-top: 30px;">
							<canvas id="out_of_stock_graph" height="500px" width="150px"/>
						</div>
					</div>
				</div>
				<!-- Dead stock graph -->
				<div class="year_to_date_graph_div col-sm-12 col-md-6 my-4" id="dead_stock" style="display:none;">
					<div class="chart-container card-shadow" id="tiles">
						<div style="height: 20px; max-height: 20px">
							<h2>Dead Stock</h2>
							<button class="btn_info" id="dead_stock_info" title="Show Details" t-on-click="onclick_dead_stock_info">
								<i class="fa fa-ellipsis-v"/>
							</button>
							<table style="margin-top: 30px;" class="graph_details_table"
								   id="dead_stock_table">
								<tr>
									<th><h2>Products</h2></th>
									<th>Dead Quantity</th>
									<th>Location</th>
								</tr>
								<t t-foreach="state.dead_stock_name" t-as="stock_name" t-key="stock_name_index">
									<tr>
										<td>
											<t t-out="stock_name"/>
										</td>
										<td>
											<t t-esc="state.dead_stock_count[stock_name_index]"/>
										</td>
										<td>
											<t t-esc="state.dead_stock_location[stock_name_index]"/>
										</td>
									</tr>
								</t>
							</table>
						</div>
						<hr/>
						<div class="graph_canvas" style="margin-top: 30px;">
							<canvas id="dead_stock_graph" height="500px" width="150px"/>
						</div>
					</div>
				</div>
			</div>
		</div>
	</t>
</templates>
