<?xml version="1.0" encoding="utf-8"?>
<odoo noupdate="1">

    <record id="payment_method_edahab" model="account.payment.method">
        <field name="name">eDahab Pay</field>
        <field name="code">edahab</field>
        <field name="payment_type">inbound</field>
    </record>

    <record id="payment_method_edahab_pay" model="payment.method">
        <field name="name">eDahab Pay</field>
        <field name="code">edahab</field>
        <field name="sequence">10</field>
        <field name="active">False</field>
        <field name="image" type="base64" file="payment_edahab/static/img/images.png"/>
        <field name="support_tokenization">True</field>
        <field name="support_express_checkout">False</field>
        <field name="support_refund"></field>
    </record>

    <record id="payment_acquirer_edahab" model="payment.provider">
        <field name="name">eDahab Pay</field>
        <field name="image_128" type="base64" file="payment_edahab/static/img/images.png"/>
        <field name="code">edahab</field>
        <field name="redirect_form_view_id" ref="redirect_form"/>
        <field name="support_tokenization">False</field>
        <field name="support_tokenization">False</field>
<!--        <field name="dpo_pay_url">https://secure.3gdirectpay.com/payv3.php</field>-->
<!--        <field name="dpo_service_description">Goods and services</field>-->
        <field name="payment_method_ids"
               eval="[Command.set([
                         ref('payment_edahab.payment_method_edahab_pay'),
                     ])]"
        />
    </record>

</odoo>
