<?xml version="1.0" encoding="UTF-8"?>
<templates id="template" xml:space="preserve">
    <t t-inherit="point_of_sale.ReceiptHeader" t-inherit-mode="extension">
        <xpath expr="//div[@class='fw-bolder']" position="after">
            <div class="fw-bolder" t-if="props.data.orders[0].partner">
                <t t-if="props.data.orders[0].partner">
                    <b>Customer: <t t-esc="props.data.orders[0].partner.name" /><br/></b>
                </t>
                <t t-if="props.data.orders[0].partner.mobile">
                    <b>Mobile No: <t t-esc="props.data.orders[0].partner.mobile"/></b>
                </t>
            </div>
        </xpath>
    </t>
</templates>
