<?xml version="1.0" encoding="utf-8"?>
<odoo>
    <data>
        <!-- Access rule for POS users -->
        <!-- <record id="access_pos_user_current_date_orders" model="ir.rule">
            <field name="name">POS User Current Date Order Access</field>
            <field name="model_id" ref="point_of_sale.model_pos_order"/>
            <field name="domain_force">[('user_id', '=', user.id)]</field>
            <field name="groups" eval="[(4, ref('base.group_user'))]"/>
            <field name="perm_read" eval="True"/>
            <field name="perm_write" eval="False"/>
            <field name="perm_create" eval="False"/>
            <field name="perm_unlink" eval="False"/>
        </record> -->

        <!-- Access rule for managerial level persons -->
        <!-- POS ORDER -->
        <record id="access_manager_all_orders" model="ir.rule">
            <field name="name">Managerial Level Access to All Orders</field>
            <field name="model_id" ref="point_of_sale.model_pos_order"/>
            <field name="domain_force">[(1, '=', 1)]</field>
            <field name="groups" eval="[(4, ref('bi_crm_customization.group_sales_manager_crm')), (4, ref('bi_crm_customization.group_md_crm'))]"/>
            <field name="perm_read" eval="True"/>
            <field name="perm_write" eval="True"/>
            <field name="perm_create" eval="True"/>
            <field name="perm_unlink" eval="True"/>
        </record>

        <!-- POS PAYMENT -->
        <record id="access_manager_all_payments" model="ir.rule">
            <field name="name">Managerial Level Access to All Payments</field>
            <field name="model_id" ref="point_of_sale.model_pos_payment"/>
            <field name="domain_force">[(1, '=', 1)]</field>
            <field name="groups" eval="[(4, ref('bi_crm_customization.group_sales_manager_crm')), (4, ref('bi_crm_customization.group_md_crm'))]"/>
            <field name="perm_read" eval="True"/>
            <field name="perm_write" eval="True"/>
            <field name="perm_create" eval="True"/>
            <field name="perm_unlink" eval="True"/>
        </record>

        <!-- POS SESSION -->
        <record id="access_manager_all_sessions" model="ir.rule">
            <field name="name">Managerial Level Access to All Sessions</field>
            <field name="model_id" ref="point_of_sale.model_pos_session"/>
            <field name="domain_force">[(1, '=', 1)]</field>
            <field name="groups" eval="[(4, ref('bi_crm_customization.group_sales_manager_crm')), (4, ref('bi_crm_customization.group_md_crm'))]"/>
            <field name="perm_read" eval="True"/>
            <field name="perm_write" eval="True"/>
            <field name="perm_create" eval="True"/>
            <field name="perm_unlink" eval="True"/>
        </record>
    </data>
</odoo>