<odoo>
    <record id="uae_employee_leave_encash" model="hr.salary.rule">
        <field name="name">Employee Leave Encash</field>
        <field name="category_id" ref="hr_payroll.COMP"/>
        <field name="code">ELE</field>
        <!-- <field name="appears_on_payslip">False</field> -->
        <field name="sequence">90</field>
        <field name="condition_select">python</field>
        <field name="condition_python">result = contract.leave_allocation and contract.leave_encash_date</field>
        <field name="amount_select">code</field>
        <field name="amount_python_compute">  <![CDATA[
result = 0
start_date = contract.first_contract_date
end_date = date.today()
payslip_date = payslip.date_from
leave_encash_date = contract.leave_encash_date
difference = relativedelta(end_date, start_date)
years = difference.years
allocation = contract.leave_allocation
if years >= 1 and contract.leave_allocation and payslip_date.month == leave_encash_date.month:
    result = (contract.wage / 30) * allocation
result = payslip.company_id.currency_id.round(ceil(result))
            ]]></field>
        <field name="struct_id" ref="l10n_ae_hr_payroll.uae_employee_payroll_structure"/>
    </record>
</odoo>