<?xml version="1.0" encoding="utf-8"?>
<odoo>

    <record id="crm_user_rule" model="ir.rule">
        <field name="name">CRM  User Rule</field>
        <field name="model_id" ref="crm.model_crm_lead"/>
        <field name="domain_force">[('user_id','=',user.id)]</field>
        <field name="perm_read" eval="True"/>
        <field name="perm_write" eval="True"/>
        <field name="perm_create" eval="True"/>
        <field name="perm_unlink" eval="True"/>
        <field name="groups" eval="[(4, ref('base.user_admin'))]"/>
    </record>

    <record id="admin_rule" model="ir.rule">
        <field name="name">Admin Rule</field>
        <field name="model_id" ref="crm.model_crm_lead"/>
        <field name="domain_force">[(1, '=', 1)]</field>
        <field name="perm_read" eval="True"/>
        <field name="perm_write" eval="True"/>
        <field name="perm_create" eval="True"/>
        <field name="perm_unlink" eval="True"/>
        <field name="groups" eval="[(4, ref('bi_crm_lead.group_md')),(4,ref('bi_crm_lead.group_sale_manager')),(4, ref('base.user_admin'))]"/>  
    </record> 
    
</odoo>

<!-- ,(4, ref('base.user_admin')) -->