<?xml version="1.0" encoding="utf-8"?>
<odoo>

        <record model="ir.module.category" id="module_category_crm">
            <field name="name">CRM</field>
            <field name="description">Category For CRM security</field>  
        </record>

        <record id="group_md" model="res.groups">
            <field name="name">MD</field>
            <field name="category_id" ref="module_category_crm"/>
        </record>

        <record id="group_sale_manager" model="res.groups">
            <field name="name">Sales Manager</field>
            <field name="category_id" ref="module_category_crm"/>
        </record>  

        <record id="group_designing_lead" model="res.groups">
            <field name="name">Designing Lead</field>
            <field name="category_id" ref="module_category_crm"/>
        </record> 

        <record id="group_designer_crm_security" model="res.groups">
            <field name="name">Designer</field>
            <field name="category_id" ref="module_category_crm"/>
        </record>
        <record id="group_estimation_crm_security" model="res.groups">
            <field name="name">Estimation Lead</field>
            <field name="category_id" ref="module_category_crm"/>
        </record>
        <record id="group_estimator_crm_security" model="res.groups">
            <field name="name">Estimator</field>
            <field name="category_id" ref="module_category_crm"/>
        </record> 
        <record id="group_sales_coordinates_crm_security" model="res.groups">
            <field name="name">Sales Coordinator</field>
            <field name="category_id" ref="module_category_crm"/>
        </record> 
        <record id="group_sales_person_crm_security" model="res.groups">
            <field name="name">Sales Person</field>
            <field name="category_id" ref="module_category_crm"/>
        </record>



        <function name = "write" model = "ir.model.data"> 
            <function name = "search" model = "ir.model.data"> 
                <value eval = "[('module', '=', 'crm'), ('name','=','crm_rule_personal_lead')] "/> 
            </function> 
            <value eval =" {'noupdate': False} "/> 
        </function>

        <record model="ir.rule" id="crm.crm_rule_personal_lead">
            <field name="domain_force">[('user_id','=',user.id)]</field>
        </record>  
        <function name = "write" model = "ir.model.data"> 
            <function name = "search" model = "ir.model.data"> 
                <value eval = "[('module', '=', 'crm'), ('name','=','crm_rule_personal_lead')] "/> 
            </function> 
            <value eval =" {'noupdate': True} "/> 
        </function>

        <record id="group_accountant_crm_security" model="res.groups">
            <field name="name">Accountant</field>
            <field name="category_id" ref="module_category_crm"/>
        </record> 
        <record id="group_operations_crm_security" model="res.groups">
            <field name="name">Operations Lead</field>
            <field name="category_id" ref="module_category_crm"/>
        </record>   
        <record id="group_project_crm_security" model="res.groups">
            <field name="name">Project Lead</field>
            <field name="category_id" ref="module_category_crm"/>
        </record>    
        <record id="group_furniture_team_crm_security" model="res.groups">
            <field name="name">Furniture Team</field>
            <field name="category_id" ref="module_category_crm" />
        </record>

</odoo>
