<?xml version="1.0" encoding="utf-8"?>
<odoo>
    <data>
        <record id="ir_cron_delete_old_internal_records" model="ir.cron">
            <field name="name">Delete Old Internal Transfer Data</field>
            <field name="model_id" ref="model_internal_transfer_data"/>
            <field name="state">code</field>
            <field name="code">model.delete_old_records()</field>
            <field name="interval_number">1</field>
            <field name="interval_type">months</field>
            <field name="numbercall">-1</field>
            <field name="doall" eval="False"/>
            <field name="active" eval="True"/>
        </record>
    </data>
</odoo>