<?xml version="1.0" encoding="utf-8"?>
<odoo>

    <record id="design_lead_rule" model="ir.rule">
        <field name="name">Design Lead Rule</field>
        <field name="model_id" ref="crm.model_crm_lead"/>
        <field name="domain_force">['|',('designing_lead_id','=',user.id),('designing_lead_id','=',False)]</field>
        <field name="groups" eval="[(4, ref('bi_crm_lead.group_designing_lead'))]"/>  
    </record> 

    <record id="estimation_lead_rule" model="ir.rule">
        <field name="name">Estimation Lead Rule</field>
        <field name="model_id" ref="crm.model_crm_lead"/>
        <field name="domain_force">['|',('estimation_lead_id','=',user.id),('estimation_lead_id','=',False)]</field>
        <field name="groups" eval="[(4, ref('bi_crm_lead.group_estimation_crm_security'))]"/>  
    </record> 

    <record id="designer_rule" model="ir.rule">
        <field name="name">Designer Rule</field>
        <field name="model_id" ref="crm.model_crm_lead"/>
        <field name="domain_force">['|',('designer_ids','=',user.id),('designer_ids','=',False)]</field>
        <field name="groups" eval="[(4, ref('bi_crm_lead.group_designer_crm_security'))]"/>  
    </record> 
    <record id="estimator_rule" model="ir.rule">
        <field name="name">Estimator Rule</field>
        <field name="model_id" ref="crm.model_crm_lead"/>
        <field name="domain_force">['|',('estimater_ids','=',user.id),('estimater_ids','=',False)]</field>
        <field name="groups" eval="[(4, ref('bi_crm_lead.group_estimator_crm_security'))]"/>  
    </record> 
    <record id="accountant_rule" model="ir.rule">
        <field name="name">Accountant Rule</field>
        <field name="model_id" ref="crm.model_crm_lead"/>
        <field name="domain_force">['|',('accountant_lead_id','=',user.id),('accountant_lead_id','=',False)]</field>
        <field name="groups" eval="[(4, ref('bi_crm_lead.group_accountant_crm_security'))]"/>  
    </record> 
    <record id="furniture_rule" model="ir.rule">
        <field name="name">Furniture Rule</field>
        <field name="model_id" ref="crm.model_crm_lead"/>
        <field name="domain_force">['|',('furniture_lead_id','=',user.id),('furniture_lead_id','=',False)]</field>
        <field name="groups" eval="[(4, ref('bi_crm_lead.group_furniture_team_crm_security'))]"/>  
    </record> 

    <record id="operations_rule" model="ir.rule">
        <field name="name">Opertaions Rule</field>
        <field name="model_id" ref="crm.model_crm_lead"/>
        <field name="domain_force">['|',('operations_manager_id','=',user.id),('operations_manager_id','=',False)]</field>
        <field name="groups" eval="[(4, ref('bi_crm_lead.group_operations_crm_security'))]"/>  
    </record> 

     <record id="project_manager_rule" model="ir.rule">
        <field name="name">Project Manager Rule</field>
        <field name="model_id" ref="crm.model_crm_lead"/>
        <field name="domain_force">['|',('project_manager_id','=',user.id),('project_manager_id','=',False)]</field>
        <field name="groups" eval="[(4, ref('bi_crm_lead.group_project_crm_security'))]"/>  
    </record>
    <record id="sales_person_rule" model="ir.rule"> 
        <field name="name">Sales person Rule</field>
        <field name="model_id" ref="crm.model_crm_lead"/>
        <field name="domain_force">[('user_id', '=', user.id)]</field>
        <field name="groups" eval="[(4, ref('bi_crm_lead.group_sales_person_crm_security'))]"/>
    </record> 
    <!-- <record id="base.res_partner_rule_private_employee" model="ir.rule">

            <field name="domain_force">
                ['|', '|', ('type', '!=', 'private'), ('type', '=', False),('user_id', '=', user.id),('user_id','=',False)]
            </field>
    </record> -->
<!--    <record id="assign_customer_for_am_rule" model="ir.rule">-->
<!--        <field name="name">Assign Customer For Curresponding Account Manager Rule</field>-->
<!--        <field name="model_id" ref="base.model_res_partner"/>-->
<!--        <field name="domain_force">['|',('user_id', '=', user.id),('user_id','=',False)]</field>-->
<!--        <field name="groups" eval="[(4, ref('base.group_user'))]"/>  -->
<!--    </record> -->
<!--    <record id="assign_customer_for_admin_rule" model="ir.rule">-->
<!--        <field name="name">Assign Customer For Curresponding Account Manager Rule Admin</field>-->
<!--        <field name="model_id" ref="base.model_res_partner"/>-->
<!--        <field name="domain_force">[(1, '=', 1)]</field>-->
<!--        <field name="groups" eval="[(4, ref('base.user_admin'))]"/>  -->
<!--    </record> -->

    <record id="group_salesperson_own_customer" model="res.groups">
        <field name="name">Own Customer</field>
        <field name="category_id" ref="bi_crm_lead.module_category_crm"/>
    </record>
    
</odoo>
