id,name,model_id:id,group_id:id,perm_read,perm_write,perm_create,perm_unlink
access_crm_lead_revision,crm_lead_revision,model_crm_lead_revision,base.group_user,1,1,1,1
access_crm_revision_wiz,crm_revision_wiz,model_crm_revision_wiz,base.group_user,1,1,1,1
access_crm_lead_estimation_user,bi_crm_stage.crm.lead.estimation,model_crm_lead_estimation,base.group_user,1,1,1,
access_crm_estimation_wiz_user,bi_crm_stage.crm.estimation.wiz,model_crm_estimation_wiz,base.group_user,1,1,1,1
access_model,ir_model,base.model_ir_model,base.group_user,1,1,1,1
access_crm_desiner_deadline_user,bi_crm_stage.crm.desiner.deadline,model_crm_desiner_deadline,base.group_user,1,1,1,1
access_crm_estimator_deadline_user,bi_crm_stage.crm.estimator.deadline,model_crm_estimator_deadline,base.group_user,1,1,1,1
access_crm_desiner_documents_user,bi_crm_stage.crm.desiner.documents,model_crm_desiner_documents,base.group_user,1,1,1,1
access_crm_estimation_documents_user,bi_crm_stage.crm.estimation.documents,model_crm_estimation_documents,base.group_user,1,1,1,1