<?xml version="1.0" encoding="UTF-8"?>
    <templates id="template" xml:space="preserve">
        <t t-name="bi_pos_heading" t-inherit="point_of_sale.Navbar" t-inherit-mode="extension" >
            <xpath expr="//div[contains(@class, 'pos-branding d-flex justify-content-start flex-grow-1 h-100 p-0 my-0 text-start')]" position="replace">
                <div t-if="!ui.isSmall" class="pos-branding d-flex justify-content-start align-items-center flex-grow-1 h-100 p-0 my-0 text-start">
                    <img class="pos-logo h-75 ms-3 me-2" t-on-click="() => debug.toggleWidget()" src="/web/static/img/logo.png" alt="Logo"/>
                    <h2 class="m-5" style='color:#624159;'><b><t t-esc="pos.config.name"/></b></h2>
                </div>
            </xpath>
        </t>
    </templates>
