<?xml version="1.0" encoding="UTF-8" ?>
<templates id="template" xml:space="preserve">
	<t t-name="bi_pos_stock" t-inherit="point_of_sale.ProductsWidget" t-inherit-mode="extension" owl="1">
		<xpath expr="//t[@t-foreach='productsToDisplay']" position="replace">
			<t t-foreach="productsToDisplay" t-as="product" t-key="product.id">
				<t t-if="product.qty_available > 0 or product.type == 'service'" >
					<ProductCard
						class="pos.productViewMode"
						name="product.display_name"
						productId="product.id"
						price="product.getFormattedUnitPrice()"
						imageUrl="product.getImageUrl()"
						onClick="() =>this.pos.addProductToCurrentOrder(product)"
						productInfo="true"
						onProductInfoClick="() => this.onProductInfoClick(product)"
						/>
				</t>
			</t>
		</xpath>
	</t>
</templates>

<!-- <templates id="template" xml:space="preserve">
	<t t-name="bi_pos_stock" t-inherit="point_of_sale.ProductsWidget" t-inherit-mode="extension" owl="1">
		<xpath expr="//t[@t-foreach='productsToDisplay']" position="replace">
			<t t-foreach="productsToDisplay" t-as="product" t-key="product.id">
				<t t-if="product.qty_available > 0 or product.is_bundle or product.type == 'service'" >
					<ProductCard
						class="pos.productViewMode"
						name="product.display_name"
						productId="product.id"
						price="product.getFormattedUnitPrice()"
						imageUrl="product.getImageUrl()"
						onClick="() =>this.pos.addProductToCurrentOrder(product)"
						productInfo="true"
						onProductInfoClick="() => this.onProductInfoClick(product)"
						/>
				</t>
			</t>
		</xpath>
	</t>
</templates> -->