<?xml version="1.0" encoding="UTF-8" ?>
<templates id="template" xml:space="preserve">
    <t t-name="bi_pos_stock" t-inherit="point_of_sale.ProductCard" t-inherit-mode="extension" owl="1">
        <xpath expr="//div[hasclass('product-information-tag')]" position="replace">
            <t t-if="hasGroupAnalyticManager or hasGroupAnalyticBillingAdministrator">
                <div t-if="props.productInfo" class="product-information-tag" t-on-click.stop="props.onProductInfoClick" groups="bi_crm_customization.group_sales_manager_crm">
                    <i class="product-information-tag-logo fa fa-info" role="img" aria-label="Product Information" title="Product Information" />
                </div>
            </t>
        </xpath>
        <xpath expr="//span[hasclass('price-tag')]" position="before">
            <t t-if="env.services.pos.db.product_by_id[props.productId].default_code">
                <h7>[<t t-esc="env.services.pos.db.product_by_id[props.productId].default_code"/>]</h7>
            </t>
            
            <h7><b>STOCK</b> : <h7 style='color:green;' ><t t-esc="env.services.pos.db.product_by_id[props.productId].qty_available"/></h7></h7>
        
        </xpath>
    </t>
</templates>