<odoo>
    <data noupdate="0">
    <!-- Salary rule - Salary Commission Allowance-->
        <record id="employee_salary_commission_allowance_regular" model="hr.salary.rule">
            <field name="name">Salary Commission Allowance</field>
            <field name="sequence" eval="10"/>
            <field name="code">SCA100</field>
            <field name="category_id" ref="hr_payroll.ALW"/>
            <field name="condition_select">none</field>
            <field name="amount_select">code</field>
           <field name="amount_python_compute">
input_line = payslip.input_line_ids.filtered(lambda x: x.input_type_id.code == 'SCA100')
if input_line and input_line.amount > 0:
    result = input_line.amount
else:
    result = 0.0
</field>
            <field name="struct_id" ref="hr_payroll.structure_002"/>
        </record>

        <record id="employee_salary_commission_allowance_regular_dubai" model="hr.salary.rule">
            <field name="name">Salary Commission Allowance</field>
            <field name="sequence" eval="10"/>
            <field name="code">SCA100</field>
            <field name="category_id" ref="hr_payroll.ALW"/>
            <field name="condition_select">none</field>
            <field name="amount_select">code</field>
           <field name="amount_python_compute">
input_line = payslip.input_line_ids.filtered(lambda x: x.input_type_id.code == 'SCA100')
if input_line and input_line.amount > 0:
    result = input_line.amount
else:
    result = 0.0
</field>
            <field name="struct_id" ref="l10n_ae_hr_payroll.uae_employee_payroll_structure"/>
        </record>

        <record id="employee_salary_commission_allowance_regular_kenya" model="hr.salary.rule">
            <field name="name">Salary Commission Allowance</field>
            <field name="sequence" eval="10"/>
            <field name="code">SCA100</field>
            <field name="category_id" ref="hr_payroll.ALW"/>
            <field name="condition_select">none</field>
            <field name="amount_select">code</field>
           <field name="amount_python_compute">
input_line = payslip.input_line_ids.filtered(lambda x: x.input_type_id.code == 'SCA100')
if input_line and input_line.amount > 0:
    result = input_line.amount
else:
    result = 0.0
</field>
            <field name="struct_id" ref="bi_kenya_salary_tax.kenya_paye_salary_structure"/>
        </record>

    <!-- Input type - Salary Commission Allowance-->
        <record id="employee_sca_input_type" model="hr.payslip.input.type">
            <field name="name">Salary Commission Allowance</field>
            <field name="code">SCA100</field>
            <field name="country_id" eval="False"/>
        </record>
    </data>
</odoo>