<?xml version="1.0" encoding="utf-8"?>
<odoo>
    <data>
        <record id="ir_cron_process_sale_order_queue" model="ir.cron">
            <field name="name">Process Sale Order Queue</field>
            <field name="model_id" ref="model_sale_order_queue"/>
            <field name="state">code</field>
            <field name="code">model.process_sale_order_queues()</field>
            <field name="interval_number">2</field>
            <field name="interval_type">minutes</field>
            <field name="numbercall">-1</field>
            <field name="active" eval="True"/>
        </record>

        <record id="ir_cron_delete_sale_queues" model="ir.cron">
            <field name="name">Delete Sale Order Queue</field>
            <field name="model_id" ref="model_sale_order_queue"/>
            <field name="state">code</field>
            <field name="code">model.delete_sale_order_queues()</field>
            <field name="interval_number">1</field>
            <field name="interval_type">days</field>
            <field name="numbercall">-1</field>
            <field name="doall" eval="False"/>
            <field name="active" eval="True"/>
        </record>
    </data>
</odoo>