<?xml version="1.0" encoding="UTF-8" ?>
<odoo>
    <data noupdate="1">
        <!--SALE AUTO WORKFLOW CONFIG DEMO DATA -->
        <record id="sale_auto_workflow_config_default" model="sale.auto.workflow.config">
            <field name="name">DEFAULT SALE AUTO WORKFLOW</field>
            <field name="validate_order">True</field>
            <field name="create_invoice">True</field>
            <field name="post_invoice">True</field>
            <field name="register_payment">True</field>
            <field name="post_payment">True</field>
        </record>
    </data>
</odoo>
