<?xml version="1.0" encoding="UTF-8" ?>
<templates id="template" xml:space="preserve">
    <t t-name="bi_product_bundle_view" t-inherit="bi_pos_stock.bi_pos_stock_custome" t-inherit-mode="extension" owl="1">
        <!-- <xpath expr="//div[id='product_card_stock_info']" position="replace">
            <h7>[<t t-esc="props.default_code"/>]</h7>
                <t t-if="!env.services.pos.db.product_by_id[props.productId].is_bundle">
                    <h7><b>STOCK</b> : <h7 style='color:green;' ><t t-esc="props.qty_available"/></h7></h7> 
                </t>
        </xpath> -->
    </t>
</templates>
